lead_id,old_counsellor_id,new_counsellor_id,source_timeline_id,new_timeline_id
686885,4749648,4900527,269801153,272484553
686886,4749648,4900527,269801154,272484554
686887,4749648,4900527,269801155,272484555
686888,4749648,4900527,269801156,272484556
686903,4749651,4900534,269613294,272484557
686904,4749648,4900527,269801157,272484559
686918,4749651,4900534,269613295,272484560
686919,4749648,4900527,269801158,272484561
686924,4749648,4900527,269801159,272484562
686925,4749648,4900527,269801160,272484563
686934,4749651,4900534,269613296,272484564
686935,4749648,4900527,269801161,272484566
686945,4749651,4900534,269613297,272484567
686946,4749648,4900527,269801163,272484568
686949,4749648,4900527,269801164,272484569
686956,4749651,4900534,269613298,272484570
686960,4749648,4900527,269801165,272484571
686967,4749651,4900534,269613299,272484572
686968,4749648,4900527,269801166,272484573
686978,4749651,4900534,269613300,272484574
686979,4749648,4900527,269801167,272484575
686989,4749651,4900534,269613301,272484576
686990,4749648,4900527,269801168,272484577
687003,4749648,4900527,269801169,272484578
687004,4749648,4900527,269801170,272484579
687009,4749648,4900527,269801171,272484580
687038,4749648,4900527,269801172,272484581
687044,4749648,4900527,269801173,272484582
687057,4749648,4900527,269801174,272484583
687060,4749648,4900527,269801175,272484584
687061,4749648,4900527,269801176,272484585
687062,4749648,4900527,269801177,272484586
687066,4749648,4900527,269801178,272484587
687068,4749648,4900527,269801179,272484588
687069,4749648,4900527,269801180,272484589
687076,4749648,4900527,269801181,272484590
687084,4749648,4900527,269801182,272484591
687085,4749648,4900527,269801183,272484592
687087,4749648,4900527,269801184,272484593
687088,4749648,4900527,269801185,272484594
687089,4749648,4900527,269801186,272484595
687090,4749648,4900527,269801187,272484596
687092,4749648,4900527,269801188,272484597
687093,4749648,4900527,269801189,272484598
687094,4749648,4900527,269801190,272484599
687095,4749648,4900527,269801191,272484600
687096,4749648,4900527,269801192,272484601
687097,4749648,4900527,269801193,272484602
687098,4749648,4900527,269801194,272484603
687101,4749648,4900527,269801195,272484604
687105,4749648,4900527,269801196,272484605
687107,4749648,4900527,269801197,272484606
687108,4749648,4900527,269801198,272484607
687109,4749648,4900527,269801199,272484608
687110,4749648,4900527,269801200,272484609
687111,4749648,4900527,269801201,272484610
687794,4749648,4900527,269801202,272484611
687797,4749648,4900527,269801203,272484612
687804,4749651,4900534,269613302,272484613
687808,4749648,4900527,269801204,272484614
687815,4749651,4900534,269613303,272484615
687816,4749648,4900527,269801205,272484616
687819,4749648,4900527,269801206,272484617
687826,4749651,4900534,269613304,272484618
687837,4749651,4900534,269613305,272484619
687839,4749651,4900534,269613306,272484620
687848,4749651,4900534,269613307,272484621
687849,4749648,4900527,269801207,272484622
687852,4749648,4900527,269801208,272484623
687861,4749648,4900527,269801209,272484624
687871,4749648,4900527,269801210,272484625
687874,4749648,4900527,269801211,272484626
687881,4749651,4900534,269613308,272484627
687992,4749651,4900534,269613309,272484628
688074,4749651,4900534,269613310,272484629
688077,4749651,4900534,269613311,272484630
688078,4749651,4900534,269613312,272484631
688079,4749651,4900534,269613313,272484632
688080,4749651,4900534,269613314,272484633
688081,4749651,4900534,269613315,272484634
688083,4749651,4900534,269613316,272484635
688084,4749651,4900534,269613317,272484636
688085,4749651,4900534,269613318,272484637
688086,4749651,4900534,269613319,272484638
688087,4749651,4900534,269613320,272484639
688088,4749651,4900534,269613321,272484640
688089,4749651,4900534,269613322,272484641
688091,4749651,4900534,269613323,272484642
688092,4749651,4900534,269613324,272484643
688093,4749651,4900534,269613325,272484644
688094,4749651,4900534,269613326,272484645
688096,4749651,4900534,269613327,272484646
688097,4749651,4900534,269613328,272484647
688098,4749651,4900534,269613329,272484648
688099,4749651,4900534,269613330,272484649
688100,4749651,4900534,269613331,272484650
688101,4749651,4900534,269613332,272484651
688102,4749651,4900534,269613333,272484652
688103,4749651,4900534,269613334,272484653
688104,4749651,4900534,269613335,272484654
688105,4749651,4900534,269613336,272484655
688106,4749651,4900534,269613337,272484656
688107,4749651,4900534,269613338,272484657
688110,4749651,4900534,269613339,272484658
688111,4749651,4900534,269613340,272484659
688112,4749651,4900534,269613341,272484660
688113,4749651,4900534,269613342,272484661
688114,4749651,4900534,269613343,272484662
688115,4749651,4900534,269613344,272484663
688116,4749651,4900534,269613345,272484664
688117,4749651,4900534,269613346,272484665
688119,4749651,4900534,269613347,272484666
688120,4749651,4900534,269613348,272484667
688121,4749651,4900534,269613349,272484668
688122,4749651,4900534,269613350,272484669
688123,4749651,4900534,269613351,272484670
688126,4749651,4900534,269613352,272484671
688127,4749651,4900534,269613353,272484672
688128,4749651,4900534,269613354,272484673
688129,4749651,4900534,269613355,272484674
688131,4749651,4900534,269613356,272484675
688133,4749651,4900534,269613357,272484676
688134,4749651,4900534,269613358,272484677
688135,4749651,4900534,269613359,272484678
688136,4749651,4900534,269613360,272484679
688137,4749651,4900534,269613361,272484680
688138,4749651,4900534,269613362,272484681
688139,4749651,4900534,269613363,272484682
688142,4749651,4900534,269613364,272484683
688143,4749651,4900534,269613365,272484684
688144,4749651,4900534,269613366,272484685
688145,4749651,4900534,269613367,272484686
688147,4749651,4900534,269613368,272484687
688148,4749651,4900534,269613369,272484688
688149,4749651,4900534,269613370,272484689
688150,4749651,4900534,269613371,272484690
688151,4749651,4900534,269613372,272484691
688152,4749651,4900534,269613373,272484692
688153,4749651,4900534,269613374,272484693
688154,4749651,4900534,269613375,272484694
688155,4749651,4900534,269613376,272484695
688156,4749651,4900534,269613377,272484696
688157,4749651,4900534,269613378,272484697
688158,4749651,4900534,269613379,272484698
688159,4749651,4900534,269613380,272484699
688160,4749651,4900534,269613381,272484700
688162,4749651,4900534,269613382,272484701
688163,4749651,4900534,269613383,272484702
688164,4749651,4900534,269613384,272484703
688165,4749651,4900534,269613385,272484704
688166,4749651,4900534,269613386,272484705
688167,4749651,4900534,269613387,272484706
688168,4749651,4900534,269613388,272484707
688169,4749651,4900534,269613389,272484708
688170,4749651,4900534,269613390,272484709
688172,4749651,4900534,269613391,272484710
688173,4749651,4900534,269613392,272484711
688174,4749651,4900534,269613393,272484712
688175,4749651,4900534,269613394,272484713
688176,4749651,4900534,269613395,272484714
688177,4749651,4900534,269613396,272484715
688178,4749651,4900534,269613397,272484716
688179,4749651,4900534,269613398,272484717
688181,4749651,4900534,269613399,272484718
688227,4749651,4900534,269613400,272484719
688229,4749651,4900534,269613401,272484720
688230,4749651,4900534,269613402,272484721
688231,4749651,4900534,269613403,272484722
688232,4749648,4900527,269801212,272484723
688233,4749648,4900527,269801213,272484724
688234,4749648,4900527,269801214,272484725
688236,4749648,4900527,269801215,272484726
688237,4749648,4900527,269801216,272484727
688238,4749648,4900527,269801217,272484728
688239,4749648,4900527,269801218,272484729
688240,4749648,4900527,269801219,272484730
688242,4749648,4900527,269801220,272484731
688243,4749648,4900527,269801221,272484732
688244,4749648,4900527,269801222,272484733
688245,4749648,4900527,269801223,272484734
688246,4749648,4900527,269801224,272484735
688248,4749648,4900527,269801225,272484736
688249,4749648,4900527,269801226,272484737
688250,4749648,4900527,269801227,272484738
688251,4749648,4900527,269801228,272484739
688252,4749648,4900527,269801229,272484740
688254,4749648,4900527,269801230,272484741
688255,4749648,4900527,269801231,272484742
688256,4749648,4900527,269801232,272484743
688257,4749648,4900527,269801233,272484744
688258,4749648,4900527,269801234,272484745
688261,4749648,4900527,269801235,272484746
688263,4749648,4900527,269801236,272484747
688270,4749648,4900527,269801237,272484748
688271,4749648,4900527,269801238,272484749
688272,4749648,4900527,269801239,272484750
688275,4749648,4900527,269801240,272484751
688276,4749648,4900527,269801241,272484752
688277,4749648,4900527,269801242,272484753
688280,4749648,4900527,269801243,272484754
688281,4749648,4900527,269801244,272484755
688282,4749648,4900527,269801245,272484756
688284,4749648,4900527,269801246,272484757
688285,4749648,4900527,269801247,272484758
688286,4749648,4900527,269801248,272484759
688287,4749648,4900527,269801249,272484760
688290,4749648,4900527,269801250,272484761
688291,4749648,4900527,269801251,272484762
688294,4749648,4900527,269801252,272484763
688295,4749648,4900527,269801253,272484764
688296,4749648,4900527,269801254,272484765
688300,4749648,4900527,269801255,272484766
688302,4749648,4900527,269801256,272484767
688303,4749648,4900527,269801257,272484768
688304,4749648,4900527,269801258,272484769
688305,4749648,4900527,269801259,272484770
688306,4749648,4900527,269801260,272484771
688307,4749648,4900527,269801261,272484772
688309,4749648,4900527,269801262,272484773
688311,4749648,4900527,269801263,272484774
688313,4749648,4900527,269801264,272484775
688315,4749648,4900527,269801265,272484776
688316,4749648,4900527,269801266,272484777
688317,4749648,4900527,269801267,272484778
688318,4749648,4900527,269801268,272484779
688319,4749648,4900527,269801269,272484780
688321,4749648,4900527,269801270,272484781
688322,4749648,4900527,269801271,272484782
688323,4749648,4900527,269801272,272484783
688324,4749648,4900527,269801273,272484784
688325,4749648,4900527,269801274,272484785
688327,4749648,4900527,269801275,272484786
688328,4749648,4900527,269801276,272484787
688329,4749648,4900527,269801277,272484788
688332,4749648,4900527,269801278,272484789
688333,4749648,4900527,269801279,272484790
688334,4749648,4900527,269801280,272484791
688335,4749648,4900527,269801281,272484792
688339,4749648,4900527,269801282,272484793
688340,4749648,4900527,269801283,272484794
688341,4749648,4900527,269801284,272484795
688343,4749648,4900527,269801285,272484796
688344,4749648,4900527,269801286,272484797
688345,4749648,4900527,269801287,272484798
688347,4749648,4900527,269801288,272484799
688348,4749648,4900527,269801289,272484800
688349,4749648,4900527,269801290,272484801
688351,4749648,4900527,269801291,272484802
688353,4749648,4900527,269801292,272484803
688355,4749648,4900527,269801293,272484804
688356,4749648,4900527,269801294,272484805
688357,4749648,4900527,269801295,272484806
688359,4749648,4900527,269801296,272484807
688360,4749648,4900527,269801297,272484808
688361,4749648,4900527,269801298,272484809
688362,4749648,4900527,269801299,272484810
688364,4749648,4900527,269801300,272484811
688365,4749648,4900527,269801301,272484812
688366,4749648,4900527,269801302,272484813
688367,4749648,4900527,269801303,272484814
688368,4749648,4900527,269801304,272484815
688371,4749648,4900527,269801305,272484816
688372,4749648,4900527,269801306,272484817
688373,4749648,4900527,269801307,272484818
688374,4749648,4900527,269801308,272484819
688375,4749648,4900527,269801309,272484820
688377,4749648,4900527,269801310,272484821
688380,4749648,4900527,269801311,272484822
688381,4749648,4900527,269801312,272484823
688383,4749648,4900527,269801313,272484824
688386,4749648,4900527,269801314,272484825
688387,4749648,4900527,269801315,272484826
688388,4749648,4900527,269801316,272484827
688389,4749648,4900527,269801317,272484828
688390,4749648,4900527,269801318,272484829
688391,4749648,4900527,269801319,272484830
688392,4749648,4900527,269801320,272484831
688394,4749648,4900527,269801321,272484832
688400,4749648,4900527,269801322,272484833
688401,4749648,4900527,269801323,272484834
688402,4749648,4900527,269801324,272484835
688403,4749648,4900527,269801325,272484836
688404,4749648,4900527,269801326,272484837
688407,4749648,4900527,269801327,272484838
688408,4749648,4900527,269801328,272484839
688409,4749648,4900527,269801329,272484840
688410,4749648,4900527,269801330,272484841
688411,4749648,4900527,269801331,272484842
688412,4749648,4900527,269801332,272484843
688413,4749648,4900527,269801333,272484844
688414,4749648,4900527,269801334,272484845
688415,4749648,4900527,269801335,272484846
688416,4749648,4900527,269801336,272484847
688417,4749648,4900527,269801337,272484848
688418,4749648,4900527,269801338,272484849
688426,4749648,4900527,269801339,272484850
688427,4749648,4900527,269801340,272484851
688428,4749648,4900527,269801341,272484852
688429,4749648,4900527,269801342,272484853
688430,4749648,4900527,269801343,272484854
688431,4749648,4900527,269801344,272484855
688432,4749648,4900527,269801345,272484856
688433,4749648,4900527,269801346,272484857
688435,4749648,4900527,269801347,272484858
688436,4749648,4900527,269801348,272484859
688437,4749648,4900527,269801349,272484860
688438,4749648,4900527,269801350,272484861
688439,4749648,4900527,269801351,272484862
688440,4749648,4900527,269801352,272484863
688441,4749648,4900527,269801353,272484864
688444,4749648,4900527,269801354,272484865
688449,4749648,4900527,269801355,272484866
688450,4749648,4900527,269801356,272484867
688451,4749648,4900527,269801357,272484868
688452,4749648,4900527,269801358,272484869
688453,4749648,4900527,269801359,272484870
688454,4749648,4900527,269801360,272484871
688455,4749648,4900527,269801361,272484872
688456,4749648,4900527,269801362,272484873
688457,4749648,4900527,269801363,272484874
688458,4749648,4900527,269801364,272484875
688459,4749648,4900527,269801365,272484876
688460,4749648,4900527,269801366,272484877
688461,4749648,4900527,269801367,272484878
688462,4749648,4900527,269801368,272484879
688464,4749648,4900527,269801369,272484880
688465,4749648,4900527,269801370,272484881
688466,4749648,4900527,269801371,272484882
688467,4749648,4900527,269801372,272484883
688468,4749648,4900527,269801373,272484884
688469,4749648,4900527,269801374,272484885
688470,4749648,4900527,269801375,272484886
688471,4749648,4900527,269801376,272484887
688472,4749648,4900527,269801377,272484888
688473,4749648,4900527,269801378,272484889
688474,4749648,4900527,269801379,272484890
688475,4749648,4900527,269801380,272484891
688476,4749648,4900527,269801381,272484892
688477,4749648,4900527,269801382,272484893
688478,4749648,4900527,269801383,272484894
688479,4749648,4900527,269801384,272484895
688480,4749648,4900527,269801385,272484896
688481,4749648,4900527,269801386,272484897
688482,4749648,4900527,269801387,272484898
688483,4749648,4900527,269801388,272484899
688484,4749648,4900527,269801389,272484900
688491,4749648,4900527,269801390,272484901
688542,4749648,4900527,269801391,272484902
688543,4749648,4900527,269801392,272484904
688544,4749648,4900527,269801393,272484905
688545,4749648,4900527,269801394,272484906
688547,4749648,4900527,269801395,272484907
688548,4749648,4900527,269801396,272484908
688549,4749648,4900527,269801397,272484909
688551,4749648,4900527,269801398,272484910
688552,4749648,4900527,269801399,272484911
688553,4749648,4900527,269801400,272484912
688554,4749648,4900527,269801401,272484913
688555,4749648,4900527,269801402,272484914
688556,4749648,4900527,269801403,272484915
688557,4749648,4900527,269801404,272484916
688558,4749648,4900527,269801405,272484917
688559,4749648,4900527,269801406,272484918
688560,4749648,4900527,269801407,272484919
688561,4749648,4900527,269801408,272484920
688562,4749648,4900527,269801409,272484921
688563,4749648,4900527,269801410,272484922
688564,4749648,4900527,269801411,272484923
688565,4749648,4900527,269801412,272484924
688567,4749648,4900527,269801413,272484925
688568,4749648,4900527,269801414,272484926
688569,4749648,4900527,269801415,272484927
688571,4749648,4900527,269801416,272484928
688572,4749648,4900527,269801417,272484929
688573,4749648,4900527,269801418,272484930
688574,4749648,4900527,269801419,272484931
688577,4749648,4900527,269801420,272484932
688578,4749648,4900527,269801421,272484933
688582,4749648,4900527,269801422,272484934
688583,4749648,4900527,269801423,272484935
688585,4749648,4900527,269801424,272484936
688586,4749648,4900527,269801425,272484937
688587,4749648,4900527,269801426,272484938
688588,4749648,4900527,269801427,272484939
688590,4749648,4900527,269801428,272484940
688592,4749648,4900527,269801429,272484941
688593,4749648,4900527,269801430,272484942
688594,4749648,4900527,269801431,272484943
688597,4749648,4900527,269801432,272484944
688598,4749648,4900527,269801433,272484945
688599,4749648,4900527,269801434,272484946
688601,4749648,4900527,269801435,272484947
688602,4749648,4900527,269801436,272484948
688603,4749648,4900527,269801437,272484949
688604,4749648,4900527,269801438,272484950
688605,4749648,4900527,269801439,272484951
688606,4749648,4900527,269801440,272484952
688607,4749648,4900527,269801441,272484953
688608,4749648,4900527,269801442,272484954
688609,4749648,4900527,269801443,272484955
688610,4749648,4900527,269801444,272484956
688611,4749648,4900527,269801445,272484957
688613,4749648,4900527,269801446,272484958
688614,4749648,4900527,269801447,272484959
688615,4749648,4900527,269801448,272484960
688619,4749648,4900527,269801449,272484961
688620,4749648,4900527,269801450,272484962
688621,4749648,4900527,269801451,272484963
688622,4749648,4900527,269801452,272484964
688624,4749648,4900527,269801453,272484965
688625,4749648,4900527,269801454,272484966
688627,4749648,4900527,269801455,272484967
688628,4749648,4900527,269801456,272484968
688629,4749648,4900527,269801457,272484969
688631,4749648,4900527,269801458,272484970
688633,4749648,4900527,269801459,272484971
688634,4749648,4900527,269801460,272484972
688637,4749648,4900527,269801461,272484973
688661,4749648,4900527,269801462,272484974
688662,4749648,4900527,269801463,272484975
688664,4749648,4900527,269801464,272484976
688665,4749648,4900527,269801465,272484977
688667,4749648,4900527,269801466,272484978
688668,4749648,4900527,269801467,272484979
688669,4749648,4900527,269801468,272484980
688670,4749648,4900527,269801469,272484981
688671,4749648,4900527,269801470,272484982
688672,4749648,4900527,269801471,272484983
688673,4749648,4900527,269801472,272484984
688674,4749648,4900527,269801473,272484985
688676,4749648,4900527,269801474,272484987
688677,4749648,4900527,269801475,272484988
688678,4749648,4900527,269801476,272484989
688679,4749648,4900527,269801477,272484990
688681,4749648,4900527,269801478,272484991
688682,4749648,4900527,269801479,272484992
688683,4749648,4900527,269801480,272484993
688686,4749648,4900527,269801481,272484994
688688,4749648,4900527,269801482,272484995
688690,4749648,4900527,269801483,272484996
688691,4749648,4900527,269801484,272484997
688692,4749648,4900527,269801485,272484998
688696,4749648,4900527,269801486,272484999
688697,4749648,4900527,269801487,272485000
688698,4749648,4900527,269801488,272485001
688699,4749648,4900527,269801489,272485002
688700,4749648,4900527,269801490,272485003
688701,4749648,4900527,269801491,272485004
688702,4749648,4900527,269801492,272485005
688703,4749648,4900527,269801493,272485006
688704,4749648,4900527,269801494,272485007
688705,4749648,4900527,269801495,272485008
688709,4749648,4900527,269801496,272485009
688710,4749648,4900527,269801497,272485010
688711,4749648,4900527,269801498,272485011
688712,4749648,4900527,269801499,272485012
688713,4749648,4900527,269801500,272485013
688714,4749648,4900527,269801501,272485014
688720,4749648,4900527,269801502,272485015
688721,4749648,4900527,269801503,272485016
688722,4749648,4900527,269801504,272485017
688723,4749648,4900527,269801505,272485018
688724,4749648,4900527,269801506,272485019
688725,4749648,4900527,269801507,272485020
688727,4749648,4900527,269801508,272485021
688729,4749648,4749659,269566131,272485022
688730,4749648,4749659,269566132,272485023
688731,4749648,4749659,269566133,272485024
688732,4749648,4749659,269566134,272485025
688734,4749648,4749659,269566135,272485026
688735,4749648,4749659,269566136,272485027
688736,4749648,4749659,269566137,272485028
688737,4749648,4749659,269566138,272485029
688738,4749648,4749659,269566139,272485030
688739,4749648,4749659,269566140,272485031
688740,4749648,4749659,269566141,272485032
688741,4749648,4749659,269566142,272485033
688743,4749648,4749659,269566143,272485034
688745,4749648,4749659,269566144,272485035
688747,4749648,4749659,269566145,272485036
688749,4749648,4749659,269566146,272485037
688750,4749648,4749659,269566147,272485038
688752,4749648,4749659,269566148,272485039
688754,4749648,4749659,269566149,272485040
688755,4749648,4749659,269566150,272485041
688756,4749648,4749659,269566151,272485042
688757,4749648,4749659,269566152,272485043
688758,4749648,4749659,269566153,272485044
688759,4749648,4749659,269566154,272485045
688760,4749648,4749659,269566155,272485046
688761,4749648,4749659,269566156,272485047
688762,4749648,4749659,269566157,272485048
688763,4749648,4749659,269566158,272485049
688765,4749648,4749659,269566159,272485050
688767,4749648,4749659,269566160,272485051
688768,4749648,4749659,269566161,272485052
688769,4749648,4749659,269566162,272485053
688770,4749648,4749659,269566163,272485054
688771,4749648,4749659,269566164,272485055
688773,4749648,4749659,269566165,272485056
688774,4749648,4749659,269566166,272485057
688775,4749648,4749659,269566167,272485058
688776,4749648,4749659,269566168,272485059
688777,4749648,4749659,269566169,272485060
688779,4749648,4749659,269566170,272485061
688780,4749648,4749659,269566171,272485062
688781,4749648,4749659,269566172,272485063
688782,4749648,4749659,269566173,272485064
688784,4749648,4749659,269566174,272485066
688787,4749648,4749659,269566175,272485067
688794,4749648,4749659,269566176,272485068
688795,4749648,4749659,269566177,272485069
688796,4749648,4749659,269566178,272485070
688797,4749648,4749659,269566179,272485071
688799,4749648,4749659,269566180,272485072
688800,4749648,4749659,269566181,272485073
688802,4749648,4749659,269566182,272485074
688803,4749648,4749659,269566183,272485075
688804,4749648,4749659,269566184,272485076
688806,4749648,4749659,269566185,272485077
688808,4749648,4749659,269566186,272485078
688809,4749648,4749659,269566187,272485079
688812,4749648,4749659,269566188,272485080
688813,4749648,4749659,269566189,272485081
688816,4749648,4749659,269566190,272485082
688818,4749648,4749659,269566192,272485083
688830,4749651,4900534,269613404,272485084
688841,4749651,4900534,269613405,272485085
688853,4749651,4900534,269613406,272485086
688865,4749651,4900534,269613407,272485087
688876,4749651,4900534,269613408,272485088
688878,4749648,4749659,269566203,272485089
688901,4749651,4900534,269613409,272485090
688902,4749648,4749659,269566207,272485091
688914,4749651,4900534,269613410,272485092
688924,4749651,4900534,269613411,272485093
688935,4749651,4900534,269613412,272485094
688947,4749651,4900534,269613413,272485095
688971,4749651,4900534,269613414,272485096
688972,4749648,4749659,269566218,272485097
688982,4749651,4900534,269613415,272485098
688997,4749648,4749659,269566221,272485099
689004,4749651,4900534,269613416,272485100
689015,4749651,4900534,269613417,272485101
689026,4749651,4900534,269613418,272485102
689037,4749651,4900534,269613419,272485103
689039,4749648,4749659,269566228,272485104
689048,4749651,4900534,269613420,272485105
689059,4749651,4900534,269613421,272485106
689069,4749651,4900534,269613422,272485107
689071,4749651,4900534,269613423,272485109
689082,4749651,4900534,269613424,272485110
689083,4749648,4749659,269566232,272485111
689086,4749648,4749659,269566233,272485112
689087,4749651,4900534,269613425,272485113
689094,4749651,4900534,269613426,272485114
689104,4749648,4749659,269566237,272485115
689119,4749651,4900534,269613427,272485116
689121,4749651,4900534,269613428,272485117
689123,4749648,4749659,269566242,272485118
689130,4749651,4900534,269613429,272485119
689131,4749648,4749659,269566243,272485120
689141,4749651,4900534,269613430,272485121
689143,4749648,4749659,269566244,272485122
689145,4749648,4749659,269566245,272485123
689152,4749651,4900534,269613431,272485124
689163,4749651,4900534,269613432,272485125
689174,4749651,4900534,269613433,272485126
689187,4749651,4900534,269613434,272485127
689196,4749651,4900534,269613435,272485128
689208,4749648,4749659,269566249,272485129
689211,4749648,4749659,269566250,272485130
689225,4749651,4900534,269613436,272485131
689230,4749651,4900534,269613437,272485132
689237,4749648,4749659,269566255,272485133
689245,4749651,4900534,269613438,272485134
689246,4749648,4749659,269566257,272485135
689247,4749648,4749659,269566258,272485136
689257,4749651,4900534,269613439,272485137
689268,4749651,4900534,269613440,272485138
689284,4749648,4749659,269566264,272485139
689286,4749648,4749659,269566266,272485140
689287,4749648,4749659,269566267,272485141
689290,4749648,4749659,269566268,272485142
689292,4749648,4749659,269566270,272485143
689295,4749648,4749659,269566273,272485144
689300,4749648,4749659,269566278,272485145
689301,4749648,4749659,269566279,272485147
689307,4749648,4749659,269566285,272485148
689315,4749648,4749659,269566289,272485149
689318,4749648,4749659,269566290,272485150
689323,4749648,4749659,269566292,272485151
689327,4749648,4749659,269566293,272485152
689337,4749648,4749659,269566299,272485153
689353,4749648,4749659,269566307,272485154
689354,4749648,4749659,269566308,272485155
689359,4749648,4749659,269566311,272485156
689371,4749648,4749659,269566315,272485157
689384,4749648,4749659,269566323,272485158
689388,4749648,4749659,269566325,272485159
689390,4749648,4749659,269566326,272485160
689394,4749648,4749659,269566330,272485161
689484,4749651,4900534,269613441,272485162
689485,4749651,4900534,269613442,272485163
689486,4749651,4900534,269613443,272485164
689490,4749651,4900534,269613444,272485165
689491,4749651,4900534,269613445,272485166
689687,4749651,4900534,269613446,272485167
689688,4749646,4749634,269745112,272485168
689689,4749646,4749634,269745113,272485169
689690,4749646,4749634,269745114,272485170
689691,4749646,4749634,269745115,272485171
689692,4749646,4749634,269745116,272485172
689694,4749646,4749634,269745117,272485173
689695,4749646,4749634,269745118,272485174
689697,4749646,4749634,269745119,272485175
689698,4749646,4749634,269745120,272485176
689699,4749646,4749634,269745121,272485177
689700,4749646,4749634,269745122,272485178
689701,4749646,4749634,269745123,272485179
689702,4749646,4749634,269745124,272485180
689704,4749646,4749634,269745125,272485181
689706,4749646,4749634,269745126,272485182
689707,4749646,4749634,269745127,272485183
689708,4749646,4749634,269745128,272485184
689709,4749646,4749634,269745129,272485185
689710,4749646,4749634,269745130,272485186
689712,4749646,4749634,269745131,272485187
689713,4749646,4749634,269745132,272485188
689714,4749646,4749634,269745133,272485189
689715,4749646,4749634,269745134,272485190
689716,4749646,4749634,269745135,272485191
689717,4749646,4749634,269745136,272485192
689718,4749646,4749634,269745137,272485193
689719,4749646,4749634,269745138,272485194
689720,4749646,4749634,269745139,272485195
689721,4749646,4749634,269745140,272485196
689723,4749646,4749634,269745141,272485197
689724,4749646,4749634,269745142,272485198
689726,4749646,4749634,269745143,272485199
689727,4749646,4749634,269745144,272485200
689728,4749646,4749634,269745145,272485201
689729,4749646,4749634,269745146,272485202
689730,4749646,4749634,269745147,272485203
689731,4749646,4749634,269745148,272485204
689732,4749646,4749634,269745149,272485205
689733,4749646,4749634,269745150,272485206
689734,4749646,4749634,269745151,272485207
689735,4749646,4749634,269745152,272485208
689737,4749646,4749634,269745153,272485209
689738,4749646,4749634,269745154,272485210
689739,4749646,4749634,269745155,272485211
689740,4749646,4749634,269745156,272485212
689742,4749646,4749634,269745157,272485213
689743,4749646,4749634,269745158,272485214
689745,4749646,4749634,269745159,272485215
689747,4749646,4749634,269745160,272485216
689748,4749646,4749634,269745161,272485217
689749,4749646,4749634,269745162,272485218
689750,4749646,4749634,269745163,272485219
689752,4749646,4749634,269745164,272485220
689753,4749646,4749634,269745165,272485221
689754,4749646,4749634,269745166,272485222
689755,4749646,4749634,269745167,272485223
689756,4749646,4749634,269745168,272485224
689757,4749646,4749634,269745169,272485225
689758,4749646,4749634,269745170,272485226
689759,4749646,4749634,269745171,272485227
689760,4749646,4749634,269745172,272485228
689761,4749646,4749634,269745173,272485229
689762,4749646,4749634,269745174,272485230
689763,4749646,4749634,269745175,272485231
689764,4749646,4749634,269745176,272485232
689765,4749646,4749634,269745177,272485233
689766,4749646,4749634,269745178,272485234
689767,4749646,4749634,269745179,272485235
689769,4749646,4749634,269745180,272485236
689770,4749646,4749634,269745181,272485237
689782,4749646,4749634,269745182,272485238
689783,4749646,4749634,269745183,272485239
689784,4749646,4749634,269745184,272485240
689891,4749651,4900534,269613447,272485241
689894,4749651,4900534,269613448,272485242
691200,4749651,4900534,269613449,272485243
691211,4749651,4900534,269613450,272485244
691462,4749644,4900527,269800884,272485245
691466,4749644,4900527,269800885,272485246
691469,4749644,4900527,269800886,272485247
691470,4749644,4900527,269800887,272485248
691475,4749644,4900527,269800888,272485249
691484,4749644,4900527,269800889,272485250
691485,4749644,4900527,269800890,272485251
691487,4749644,4900527,269800891,272485252
691493,4749644,4900527,269800892,272485253
691494,4749644,4900527,269800893,272485254
691495,4749644,4900527,269800894,272485255
691497,4749644,4900527,269800895,272485256
691504,4749644,4900527,269800896,272485257
691507,4749644,4900527,269800897,272485258
691509,4749644,4900527,269800898,272485259
691512,4749644,4900527,269800899,272485260
691516,4749644,4900527,269800900,272485261
691520,4749644,4900527,269800901,272485262
691524,4749644,4900527,269800902,272485263
691529,4749644,4900527,269800903,272485264
691530,4749644,4900527,269800904,272485265
693504,4749651,4900534,269613451,272485266
693507,4749651,4900534,269613452,272485267
693509,4749651,4900534,269613453,272485268
693510,4749651,4900534,269613454,272485269
693512,4749651,4900534,269613455,272485270
693513,4749651,4900534,269613456,272485271
693514,4749651,4900534,269613457,272485272
693515,4749651,4900534,269613458,272485273
693516,4749651,4900534,269613459,272485274
693517,4749651,4900534,269613460,272485275
693518,4749651,4900534,269613461,272485276
693520,4749651,4900534,269613462,272485277
693521,4749651,4900534,269613463,272485278
693522,4749651,4900534,269613464,272485279
693524,4749651,4900534,269613465,272485280
693526,4749651,4900534,269613466,272485281
693528,4749651,4900534,269613467,272485282
693529,4749651,4900534,269613468,272485283
693530,4749651,4900534,269613469,272485284
693533,4749651,4900534,269613470,272485285
693534,4749651,4900534,269613471,272485286
693535,4749651,4900534,269613472,272485287
693543,4749651,4900534,269613473,272485288
693553,4749651,4900534,269613474,272485289
693556,4749651,4900534,269613475,272485290
693559,4749651,4900534,269613476,272485291
693560,4749651,4900534,269613477,272485292
693562,4749651,4900534,269613478,272485293
693564,4749651,4900534,269613479,272485294
693566,4749651,4900534,269613480,272485296
693618,4749651,4900534,269613481,272485297
693619,4749651,4900534,269613482,272485298
693620,4749651,4900534,269613483,272485299
693621,4749651,4900534,269613484,272485300
693626,4749651,4900534,269613485,272485301
693627,4749651,4900534,269613486,272485302
693628,4749651,4900534,269613487,272485303
693629,4749651,4900534,269613488,272485304
693630,4749651,4900534,269613489,272485305
693631,4749651,4900534,269613490,272485306
693632,4749651,4900534,269613491,272485307
693634,4749651,4900534,269613492,272485308
693638,4749651,4900534,269613493,272485309
693639,4749651,4900534,269613494,272485310
693642,4749651,4900534,269613495,272485311
693645,4749651,4900534,269613496,272485312
693646,4749651,4900534,269613497,272485313
693647,4749651,4900534,269613498,272485314
693648,4749651,4900534,269613499,272485315
693649,4749651,4900534,269613500,272485316
693650,4749651,4900534,269613501,272485317
693651,4749651,4900534,269613502,272485318
693655,4749644,4900527,269800905,272485319
693663,4749651,4900534,269613503,272485320
693674,4749651,4900534,269613504,272485322
693685,4749651,4900534,269613505,272485323
693950,4749651,4900534,269613506,272485324
693975,4749644,4900527,269800906,272485325
693986,4749644,4900527,269800907,272485326
693994,4749651,4900534,269613507,272485327
694027,4749651,4900534,269613508,272485328
694029,4749651,4900534,269613509,272485330
694038,4749651,4900534,269613510,272485331
694041,4749644,4900527,269800908,272485332
694049,4749651,4900534,269613511,272485333
694063,4749644,4900527,269800909,272485334
694071,4749651,4900534,269613512,272485335
694093,4749651,4900534,269613513,272485336
694104,4749651,4900534,269613514,272485337
694106,4749644,4900527,269800910,272485338
694115,4749651,4900534,269613515,272485339
694126,4749651,4900534,269613516,272485340
694128,4749651,4900534,269613517,272485341
694137,4749651,4900534,269613518,272485342
694148,4749651,4900534,269613519,272485343
694159,4749651,4900534,269613520,272485344
694170,4749651,4900534,269613521,272485346
694181,4749651,4900534,269613522,272485347
694192,4749651,4900534,269613523,272485348
694205,4749651,4900534,269613524,272485349
694206,4749644,4900527,269800911,272485351
694225,4749651,4900534,269613525,272485352
694239,4749644,4900527,269800912,272485353
694258,4749651,4900534,269613526,272485354
694269,4749651,4900534,269613527,272485355
694280,4749651,4900534,269613528,272485356
694313,4749651,4900534,269613529,272485357
694316,4749644,4900527,269800913,272485358
694338,4749644,4900527,269800914,272485359
694390,4749651,4900534,269613534,272485360
694426,4749644,4900527,269800915,272485361
694459,4749644,4900527,269800916,272485362
694481,4749644,4900527,269800917,272485363
694503,4749644,4900527,269800918,272485364
694514,4749644,4900527,269800919,272485365
694533,4749651,4900534,269613547,272485366
694558,4749644,4900527,269800920,272485367
694621,4749651,4900534,269613553,272485368
694624,4749644,4900527,269800921,272485369
694654,4749651,4900534,269613556,272485370
694657,4749644,4900527,269800922,272485371
694867,4749644,4900527,269800923,272485372
694886,4749651,4894237,269591118,272485373
694897,4749651,4894237,269591119,272485374
694900,4749651,4894237,269591120,272485375
694912,4749644,4900527,269800924,272485376
696252,4749644,4900527,269800925,272485377
696263,4749644,4900527,269800926,272485378
696285,4749644,4900527,269800927,272485379
696296,4749644,4900527,269800928,272485380
696329,4749644,4900527,269800929,272485382
696351,4749644,4900527,269800930,272485383
703704,4749633,4749656,269554141,272485384
709428,4749646,4749634,269745185,272485385
709430,4749646,4749634,269745186,272485386
709454,4749646,4749634,269745187,272485387
709456,4749646,4749634,269745188,272485388
709459,4749646,4749634,269745189,272485389
709466,4749646,4749634,269745190,272485390
709494,4749646,4749634,269745191,272485391
709529,4749646,4749634,269745192,272485392
709538,4749646,4749634,269745193,272485393
709543,4749646,4749634,269745194,272485394
709637,4749646,4749634,269745195,272485395
710026,4749646,4749634,269745196,272485396
710166,4749646,4749634,269745197,272485397
710447,4749646,4749634,269745198,272485398
710945,4749646,4749634,269745199,272485399
711054,4749646,4749634,269745200,272485400
712214,4749646,4749634,269745201,272485401
712251,4749646,4749634,269745202,272485402
712325,4749646,4749634,269745203,272485403
712443,4749646,4749634,269745204,272485404
712446,4749646,4749634,269745205,272485405
712525,4749646,4749634,269745206,272485406
712654,4749646,4749634,269745207,272485407
712659,4749646,4749634,269745208,272485408
714147,4900527,4894237,269655117,272485409
714153,4900527,4894237,269656447,272485410
714156,4900527,4894237,269651922,272485411
714885,4749646,4749634,269745209,272485412
714912,4749646,4749634,269745210,272485413
714921,4749646,4749634,269745211,272485414
723481,4749645,4900530,269844512,272485415
723811,4749645,4900530,269844513,272485416
723822,4749645,4900530,269844514,272485417
723844,4749645,4900530,269844515,272485418
723855,4749645,4900530,269844517,272485419
723877,4749645,4900530,269844518,272485420
723888,4749645,4900530,269844519,272485421
723894,4749645,4900530,269844520,272485422
723899,4749645,4900530,269844521,272485423
723907,4900534,4900530,269844522,272485424
723910,4749645,4900530,269844523,272485425
723914,4900534,4900530,269844524,272485426
723916,4749645,4900530,269844525,272485427
723918,4900534,4900530,269844526,272485428
723921,4749645,4900530,269844527,272485429
723925,4900534,4900530,269844528,272485430
723931,4900534,4900530,269844529,272485431
723933,4749645,4900530,269844530,272485432
723937,4900534,4900530,269844531,272485433
723939,4749645,4900530,269844532,272485434
723941,4900534,4900530,269844533,272485435
723942,4900534,4900530,269844534,272485436
723944,4749645,4900530,269844535,272485437
723950,4749645,4900530,269844536,272485438
723955,4749645,4900530,269844537,272485439
723961,4749645,4900530,269844538,272485440
723963,4900534,4900530,269844539,272485442
723964,4749645,4900530,269844540,272485443
723966,4749645,4900530,269844541,272485444
723972,4749645,4900530,269844542,272485445
723977,4749645,4900530,269844543,272485446
723981,4900534,4900530,269844544,272485447
723983,4749645,4900530,269844545,272485448
723994,4749645,4900530,269844546,272485449
723999,4749645,4900530,269844547,272485450
724003,4900534,4900530,269844548,272485451
724005,4749645,4900530,269844549,272485452
724008,4749645,4900530,269844550,272485453
724010,4749645,4900530,269844551,272485454
724016,4749645,4900530,269844552,272485455
724018,4900534,4900530,269844554,272485456
724021,4749645,4900530,269844555,272485457
724027,4749645,4900530,269844556,272485458
724040,4900534,4900530,269844557,272485459
724043,4749645,4900530,269844558,272485460
724052,4900534,4900530,269844559,272485461
724054,4749645,4900530,269844560,272485462
724062,4900534,4900530,269844561,272485463
724065,4749645,4900530,269844562,272485464
724076,4749645,4900530,269844563,272485465
724087,4749645,4900530,269844564,272485466
724091,4900534,4900530,269844565,272485467
724095,4900534,4900530,269844566,272485468
724106,4900534,4900530,269844567,272485469
724107,4749645,4900530,269844568,272485470
724109,4749645,4900530,269844569,272485472
724117,4900534,4900530,269844570,272485473
724120,4749645,4900530,269844571,272485474
724128,4900534,4900530,269844572,272485475
724131,4749645,4900530,269844573,272485476
724139,4900534,4900530,269844574,272485477
724142,4749645,4900530,269844575,272485478
724150,4900534,4900530,269844576,272485479
724153,4749645,4900530,269844577,272485480
724157,4900534,4900530,269844578,272485481
724164,4749645,4900530,269844579,272485482
724168,4900534,4900530,269844580,272485483
724172,4900534,4900530,269844581,272485484
724175,4749645,4900530,269844582,272485485
724176,4749645,4900530,269844583,272485486
724179,4900534,4900530,269844584,272485487
724183,4900534,4900530,269844585,272485488
724186,4749645,4900530,269844586,272485489
724197,4749645,4900530,269844587,272485490
724198,4749645,4900530,269844588,272485491
724201,4900534,4900530,269844589,272485492
724208,4749645,4900530,269844590,272485493
724212,4900534,4900530,269844591,272485494
724217,4749645,4900530,269844592,272485495
724219,4749645,4900530,269844593,272485496
724220,4749645,4900530,269844594,272485497
724230,4749645,4900530,269844595,272485498
724249,4900534,4900530,269844596,272485499
724256,4900534,4900530,269844597,272485500
724264,4749645,4900530,269844598,272485501
726197,4749645,4900530,269844599,272485502
726206,4749645,4900530,269844600,272485504
726210,4900534,4900530,269844601,272485505
726215,4749645,4900530,269844602,272485506
726216,4749645,4900530,269844603,272485507
726219,4900534,4900530,269844604,272485508
726224,4749645,4900530,269844605,272485509
726229,4900534,4900530,269844606,272485510
726233,4749645,4900530,269844607,272485511
726234,4749645,4900530,269844608,272485512
727537,4749647,4900530,269844610,272485513
728215,4900534,4900530,269844611,272485514
728216,4900534,4900530,269844612,272485515
728242,4900534,4900530,269844613,272485516
1838978,4749651,4749656,269554230,272485517
