lead_id,counsellor_id,previous_counsellor,reassigned_by,reassigned_on,updated_at
686885,4749648,4749648,4640466,2026-09-17T10:41:41.227Z,2026-09-17T10:41:41.227Z
686886,4749648,4749648,4640466,2026-09-17T10:41:41.227Z,2026-09-17T10:41:41.227Z
686887,4749648,4749648,4640466,2026-09-17T10:41:41.227Z,2026-09-17T10:41:41.227Z
686888,4749648,4749648,4640466,2026-09-17T10:41:41.227Z,2026-09-17T10:41:41.227Z
686903,4749651,4749651,4640466,2026-09-17T07:36:49.441Z,2026-09-17T07:36:49.441Z
686904,4749648,4749648,4640466,2026-09-17T10:41:41.227Z,2026-09-17T10:41:41.227Z
686918,4749651,4749651,4640466,2026-09-17T07:36:49.441Z,2026-09-17T07:36:49.441Z
686919,4749648,4749648,4640466,2026-09-17T10:41:41.227Z,2026-09-17T10:41:41.227Z
686924,4749648,4749648,4640466,2026-09-17T10:41:41.227Z,2026-09-17T10:41:41.227Z
686925,4749648,4749648,4640466,2026-09-17T10:41:41.227Z,2026-09-17T10:41:41.227Z
686934,4749651,4749651,4640466,2026-09-17T07:36:49.441Z,2026-09-17T07:36:49.441Z
686935,4749648,4749648,4640466,2026-09-17T10:41:41.227Z,2026-09-17T10:41:41.227Z
686945,4749651,4749651,4640466,2026-09-17T07:36:49.441Z,2026-09-17T07:36:49.441Z
686946,4749648,4749648,4640466,2026-09-17T10:41:41.227Z,2026-09-17T10:41:41.227Z
686949,4749648,4749648,4640466,2026-09-17T10:41:41.227Z,2026-09-17T10:41:41.227Z
686956,4749651,4749651,4640466,2026-09-17T07:36:49.441Z,2026-09-17T07:36:49.441Z
686960,4749648,4749648,4640466,2026-09-17T10:41:41.227Z,2026-09-17T10:41:41.227Z
686967,4749651,4749651,4640466,2026-09-17T07:36:49.441Z,2026-09-17T07:36:49.441Z
686968,4749648,4749648,4640466,2026-09-17T10:41:41.227Z,2026-09-17T10:41:41.227Z
686978,4749651,4749651,4640466,2026-09-17T07:36:49.441Z,2026-09-17T07:36:49.441Z
686979,4749648,4749648,4640466,2026-09-17T10:41:41.227Z,2026-09-17T10:41:41.227Z
686989,4749651,4749651,4640466,2026-09-17T07:36:49.441Z,2026-09-17T07:36:49.441Z
686990,4749648,4749648,4640466,2026-09-17T10:41:41.227Z,2026-09-17T10:41:41.227Z
687003,4749648,4749648,4640466,2026-09-17T10:41:41.227Z,2026-09-17T10:41:41.227Z
687004,4749648,4749648,4640466,2026-09-17T10:41:41.227Z,2026-09-17T10:41:41.227Z
687009,4749648,4749648,4640466,2026-09-17T10:41:41.227Z,2026-09-17T10:41:41.227Z
687038,4749648,4749648,4640466,2026-09-17T10:41:41.227Z,2026-09-17T10:41:41.227Z
687044,4749648,4749648,4640466,2026-09-17T10:41:41.227Z,2026-09-17T10:41:41.227Z
687057,4749648,4749648,4640466,2026-09-17T10:41:41.227Z,2026-09-17T10:41:41.227Z
687060,4749648,4749648,4640466,2026-09-17T10:41:41.227Z,2026-09-17T10:41:41.227Z
687061,4749648,4749648,4640466,2026-09-17T10:41:41.227Z,2026-09-17T10:41:41.227Z
687062,4749648,4749648,4640466,2026-09-17T10:41:41.227Z,2026-09-17T10:41:41.227Z
687066,4749648,4749648,4640466,2026-09-17T10:41:41.227Z,2026-09-17T10:41:41.227Z
687068,4749648,4749648,4640466,2026-09-17T10:41:41.227Z,2026-09-17T10:41:41.227Z
687069,4749648,4749648,4640466,2026-09-17T10:41:41.227Z,2026-09-17T10:41:41.227Z
687076,4749648,4749648,4640466,2026-09-17T10:41:41.227Z,2026-09-17T10:41:41.227Z
687084,4749648,4749648,4640466,2026-09-17T10:41:41.227Z,2026-09-17T10:41:41.227Z
687085,4749648,4749648,4640466,2026-09-17T10:41:41.227Z,2026-09-17T10:41:41.227Z
687087,4749648,4749648,4640466,2026-09-17T10:41:41.227Z,2026-09-17T10:41:41.227Z
687088,4749648,4749648,4640466,2026-09-17T10:41:41.227Z,2026-09-17T10:41:41.227Z
687089,4749648,4749648,4640466,2026-09-17T10:41:41.227Z,2026-09-17T10:41:41.227Z
687090,4749648,4749648,4640466,2026-09-17T10:41:41.227Z,2026-09-17T10:41:41.227Z
687092,4749648,4749648,4640466,2026-09-17T10:41:41.227Z,2026-09-17T10:41:41.227Z
687093,4749648,4749648,4640466,2026-09-17T10:41:41.227Z,2026-09-17T10:41:41.227Z
687094,4749648,4749648,4640466,2026-09-17T10:41:41.227Z,2026-09-17T10:41:41.227Z
687095,4749648,4749648,4640466,2026-09-17T10:41:41.227Z,2026-09-17T10:41:41.227Z
687096,4749648,4749648,4640466,2026-09-17T10:41:41.227Z,2026-09-17T10:41:41.227Z
687097,4749648,4749648,4640466,2026-09-17T10:41:41.227Z,2026-09-17T10:41:41.227Z
687098,4749648,4749648,4640466,2026-09-17T10:41:41.227Z,2026-09-17T10:41:41.227Z
687101,4749648,4749648,4640466,2026-09-17T10:41:41.227Z,2026-09-17T10:41:41.227Z
687105,4749648,4749648,4640466,2026-09-17T10:41:41.227Z,2026-09-17T10:41:41.227Z
687107,4749648,4749648,4640466,2026-09-17T10:41:41.227Z,2026-09-17T10:41:41.227Z
687108,4749648,4749648,4640466,2026-09-17T10:41:41.227Z,2026-09-17T10:41:41.227Z
687109,4749648,4749648,4640466,2026-09-17T10:41:41.227Z,2026-09-17T10:41:41.227Z
687110,4749648,4749648,4640466,2026-09-17T10:41:41.227Z,2026-09-17T10:41:41.227Z
687111,4749648,4749648,4640466,2026-09-17T10:41:41.227Z,2026-09-17T10:41:41.227Z
687794,4749648,4749648,4640466,2026-09-17T10:41:41.227Z,2026-09-17T10:41:41.227Z
687797,4749648,4749648,4640466,2026-09-17T10:41:41.227Z,2026-09-17T10:41:41.227Z
687804,4749651,4749651,4640466,2026-09-17T07:36:49.441Z,2026-09-17T07:36:49.441Z
687808,4749648,4749648,4640466,2026-09-17T10:41:41.227Z,2026-09-17T10:41:41.227Z
687815,4749651,4749651,4640466,2026-09-17T07:36:49.441Z,2026-09-17T07:36:49.441Z
687816,4749648,4749648,4640466,2026-09-17T10:41:41.227Z,2026-09-17T10:41:41.227Z
687819,4749648,4749648,4640466,2026-09-17T10:41:41.227Z,2026-09-17T10:41:41.227Z
687826,4749651,4749651,4640466,2026-09-17T07:36:49.441Z,2026-09-17T07:36:49.441Z
687837,4749651,4749651,4640466,2026-09-17T07:36:49.441Z,2026-09-17T07:36:49.441Z
687839,4749651,4749651,4640466,2026-09-17T07:36:49.441Z,2026-09-17T07:36:49.441Z
687848,4749651,4749651,4640466,2026-09-17T07:36:49.441Z,2026-09-17T07:36:49.441Z
687849,4749648,4749648,4640466,2026-09-17T10:41:41.227Z,2026-09-17T10:41:41.227Z
687852,4749648,4749648,4640466,2026-09-17T10:41:41.227Z,2026-09-17T10:41:41.227Z
687861,4749648,4749648,4640466,2026-09-17T10:41:41.227Z,2026-09-17T10:41:41.227Z
687871,4749648,4749648,4640466,2026-09-17T10:41:41.227Z,2026-09-17T10:41:41.227Z
687874,4749648,4749648,4640466,2026-09-17T10:41:41.227Z,2026-09-17T10:41:41.227Z
687881,4749651,4749651,4640466,2026-09-17T07:36:49.441Z,2026-09-17T07:36:49.441Z
687992,4749651,4749651,4640466,2026-09-17T07:36:49.441Z,2026-09-17T07:36:49.441Z
688074,4749651,4749651,4640466,2026-09-17T07:36:49.441Z,2026-09-17T07:36:49.441Z
688077,4749651,4749651,4640466,2026-09-17T07:36:49.441Z,2026-09-17T07:36:49.441Z
688078,4749651,4749651,4640466,2026-09-17T07:36:49.441Z,2026-09-17T07:36:49.441Z
688079,4749651,4749651,4640466,2026-09-17T07:36:49.441Z,2026-09-17T07:36:49.441Z
688080,4749651,4749651,4640466,2026-09-17T07:36:49.441Z,2026-09-17T07:36:49.441Z
688081,4749651,4749651,4640466,2026-09-17T07:36:49.441Z,2026-09-17T07:36:49.441Z
688083,4749651,4749651,4640466,2026-09-17T07:36:49.441Z,2026-09-17T07:36:49.441Z
688084,4749651,4749651,4640466,2026-09-17T07:36:49.441Z,2026-09-17T07:36:49.441Z
688085,4749651,4749651,4640466,2026-09-17T07:36:49.441Z,2026-09-17T07:36:49.441Z
688086,4749651,4749651,4640466,2026-09-17T07:36:49.441Z,2026-09-17T07:36:49.441Z
688087,4749651,4749651,4640466,2026-09-17T07:36:49.441Z,2026-09-17T07:36:49.441Z
688088,4749651,4749651,4640466,2026-09-17T07:36:49.441Z,2026-09-17T07:36:49.441Z
688089,4749651,4749651,4640466,2026-09-17T07:36:49.441Z,2026-09-17T07:36:49.441Z
688091,4749651,4749651,4640466,2026-09-17T07:36:49.441Z,2026-09-17T07:36:49.441Z
688092,4749651,4749651,4640466,2026-09-17T07:36:49.441Z,2026-09-17T07:36:49.441Z
688093,4749651,4749651,4640466,2026-09-17T07:36:49.441Z,2026-09-17T07:36:49.441Z
688094,4749651,4749651,4640466,2026-09-17T07:36:49.441Z,2026-09-17T07:36:49.441Z
688096,4749651,4749651,4640466,2026-09-17T07:36:49.441Z,2026-09-17T07:36:49.441Z
688097,4749651,4749651,4640466,2026-09-17T07:36:49.441Z,2026-09-17T07:36:49.441Z
688098,4749651,4749651,4640466,2026-09-17T07:36:49.441Z,2026-09-17T07:36:49.441Z
688099,4749651,4749651,4640466,2026-09-17T07:36:49.441Z,2026-09-17T07:36:49.441Z
688100,4749651,4749651,4640466,2026-09-17T07:36:49.441Z,2026-09-17T07:36:49.441Z
688101,4749651,4749651,4640466,2026-09-17T07:36:49.441Z,2026-09-17T07:36:49.441Z
688102,4749651,4749651,4640466,2026-09-17T07:36:49.441Z,2026-09-17T07:36:49.441Z
688103,4749651,4749651,4640466,2026-09-17T07:36:49.441Z,2026-09-17T07:36:49.441Z
688104,4749651,4749651,4640466,2026-09-17T07:36:49.441Z,2026-09-17T07:36:49.441Z
688105,4749651,4749651,4640466,2026-09-17T07:36:49.441Z,2026-09-17T07:36:49.441Z
688106,4749651,4749651,4640466,2026-09-17T07:36:49.441Z,2026-09-17T07:36:49.441Z
688107,4749651,4749651,4640466,2026-09-17T07:36:49.441Z,2026-09-17T07:36:49.441Z
688110,4749651,4749651,4640466,2026-09-17T07:36:49.441Z,2026-09-17T07:36:49.441Z
688111,4749651,4749651,4640466,2026-09-17T07:36:49.441Z,2026-09-17T07:36:49.441Z
688112,4749651,4749651,4640466,2026-09-17T07:36:49.441Z,2026-09-17T07:36:49.441Z
688113,4749651,4749651,4640466,2026-09-17T07:36:49.441Z,2026-09-17T07:36:49.441Z
688114,4749651,4749651,4640466,2026-09-17T07:36:49.441Z,2026-09-17T07:36:49.441Z
688115,4749651,4749651,4640466,2026-09-17T07:36:49.441Z,2026-09-17T07:36:49.441Z
688116,4749651,4749651,4640466,2026-09-17T07:36:49.441Z,2026-09-17T07:36:49.441Z
688117,4749651,4749651,4640466,2026-09-17T07:36:49.441Z,2026-09-17T07:36:49.441Z
688119,4749651,4749651,4640466,2026-09-17T07:36:49.441Z,2026-09-17T07:36:49.441Z
688120,4749651,4749651,4640466,2026-09-17T07:36:49.441Z,2026-09-17T07:36:49.441Z
688121,4749651,4749651,4640466,2026-09-17T07:36:49.441Z,2026-09-17T07:36:49.441Z
688122,4749651,4749651,4640466,2026-09-17T07:36:49.441Z,2026-09-17T07:36:49.441Z
688123,4749651,4749651,4640466,2026-09-17T07:36:49.441Z,2026-09-17T07:36:49.441Z
688126,4749651,4749651,4640466,2026-09-17T07:36:49.441Z,2026-09-17T07:36:49.441Z
688127,4749651,4749651,4640466,2026-09-17T07:36:49.441Z,2026-09-17T07:36:49.441Z
688128,4749651,4749651,4640466,2026-09-17T07:36:49.441Z,2026-09-17T07:36:49.441Z
688129,4749651,4749651,4640466,2026-09-17T07:36:49.441Z,2026-09-17T07:36:49.441Z
688131,4749651,4749651,4640466,2026-09-17T07:36:49.441Z,2026-09-17T07:36:49.441Z
688133,4749651,4749651,4640466,2026-09-17T07:36:49.441Z,2026-09-17T07:36:49.441Z
688134,4749651,4749651,4640466,2026-09-17T07:36:49.441Z,2026-09-17T07:36:49.441Z
688135,4749651,4749651,4640466,2026-09-17T07:36:49.441Z,2026-09-17T07:36:49.441Z
688136,4749651,4749651,4640466,2026-09-17T07:36:49.441Z,2026-09-17T07:36:49.441Z
688137,4749651,4749651,4640466,2026-09-17T07:36:49.441Z,2026-09-17T07:36:49.441Z
688138,4749651,4749651,4640466,2026-09-17T07:36:49.441Z,2026-09-17T07:36:49.441Z
688139,4749651,4749651,4640466,2026-09-17T07:36:49.441Z,2026-09-17T07:36:49.441Z
688142,4749651,4749651,4640466,2026-09-17T07:36:49.441Z,2026-09-17T07:36:49.441Z
688143,4749651,4749651,4640466,2026-09-17T07:36:49.441Z,2026-09-17T07:36:49.441Z
688144,4749651,4749651,4640466,2026-09-17T07:36:49.441Z,2026-09-17T07:36:49.441Z
688145,4749651,4749651,4640466,2026-09-17T07:36:49.441Z,2026-09-17T07:36:49.441Z
688147,4749651,4749651,4640466,2026-09-17T07:36:49.441Z,2026-09-17T07:36:49.441Z
688148,4749651,4749651,4640466,2026-09-17T07:36:49.441Z,2026-09-17T07:36:49.441Z
688149,4749651,4749651,4640466,2026-09-17T07:36:49.441Z,2026-09-17T07:36:49.441Z
688150,4749651,4749651,4640466,2026-09-17T07:36:49.441Z,2026-09-17T07:36:49.441Z
688151,4749651,4749651,4640466,2026-09-17T07:36:49.441Z,2026-09-17T07:36:49.441Z
688152,4749651,4749651,4640466,2026-09-17T07:36:49.441Z,2026-09-17T07:36:49.441Z
688153,4749651,4749651,4640466,2026-09-17T07:36:49.441Z,2026-09-17T07:36:49.441Z
688154,4749651,4749651,4640466,2026-09-17T07:36:49.441Z,2026-09-17T07:36:49.441Z
688155,4749651,4749651,4640466,2026-09-17T07:36:49.441Z,2026-09-17T07:36:49.441Z
688156,4749651,4749651,4640466,2026-09-17T07:36:49.441Z,2026-09-17T07:36:49.441Z
688157,4749651,4749651,4640466,2026-09-17T07:36:49.441Z,2026-09-17T07:36:49.441Z
688158,4749651,4749651,4640466,2026-09-17T07:36:49.441Z,2026-09-17T07:36:49.441Z
688159,4749651,4749651,4640466,2026-09-17T07:36:49.441Z,2026-09-17T07:36:49.441Z
688160,4749651,4749651,4640466,2026-09-17T07:36:49.441Z,2026-09-17T07:36:49.441Z
688162,4749651,4749651,4640466,2026-09-17T07:36:49.441Z,2026-09-17T07:36:49.441Z
688163,4749651,4749651,4640466,2026-09-17T07:36:49.441Z,2026-09-17T07:36:49.441Z
688164,4749651,4749651,4640466,2026-09-17T07:36:49.441Z,2026-09-17T07:36:49.441Z
688165,4749651,4749651,4640466,2026-09-17T07:36:49.441Z,2026-09-17T07:36:49.441Z
688166,4749651,4749651,4640466,2026-09-17T07:36:49.441Z,2026-09-17T07:36:49.441Z
688167,4749651,4749651,4640466,2026-09-17T07:36:49.441Z,2026-09-17T07:36:49.441Z
688168,4749651,4749651,4640466,2026-09-17T07:36:49.441Z,2026-09-17T07:36:49.441Z
688169,4749651,4749651,4640466,2026-09-17T07:36:49.441Z,2026-09-17T07:36:49.441Z
688170,4749651,4749651,4640466,2026-09-17T07:36:49.441Z,2026-09-17T07:36:49.441Z
688172,4749651,4749651,4640466,2026-09-17T07:36:49.441Z,2026-09-17T07:36:49.441Z
688173,4749651,4749651,4640466,2026-09-17T07:36:49.441Z,2026-09-17T07:36:49.441Z
688174,4749651,4749651,4640466,2026-09-17T07:36:49.441Z,2026-09-17T07:36:49.441Z
688175,4749651,4749651,4640466,2026-09-17T07:36:49.441Z,2026-09-17T07:36:49.441Z
688176,4749651,4749651,4640466,2026-09-17T07:36:49.441Z,2026-09-17T07:36:49.441Z
688177,4749651,4749651,4640466,2026-09-17T07:36:49.441Z,2026-09-17T07:36:49.441Z
688178,4749651,4749651,4640466,2026-09-17T07:36:49.441Z,2026-09-17T07:36:49.441Z
688179,4749651,4749651,4640466,2026-09-17T07:36:49.441Z,2026-09-17T07:36:49.441Z
688181,4749651,4749651,4640466,2026-09-17T07:36:49.441Z,2026-09-17T07:36:49.441Z
688227,4749651,4749651,4640466,2026-09-17T07:36:49.441Z,2026-09-17T07:36:49.441Z
688229,4749651,4749651,4640466,2026-09-17T07:36:49.441Z,2026-09-17T07:36:49.441Z
688230,4749651,4749651,4640466,2026-09-17T07:36:49.441Z,2026-09-17T07:36:49.441Z
688231,4749651,4749651,4640466,2026-09-17T07:36:49.441Z,2026-09-17T07:36:49.441Z
688232,4749648,4749648,4640466,2026-09-17T10:41:41.227Z,2026-09-17T10:41:41.227Z
688233,4749648,4749648,4640466,2026-09-17T10:41:41.227Z,2026-09-17T10:41:41.227Z
688234,4749648,4749648,4640466,2026-09-17T10:41:41.227Z,2026-09-17T10:41:41.227Z
688236,4749648,4749648,4640466,2026-09-17T10:41:41.227Z,2026-09-17T10:41:41.227Z
688237,4749648,4749648,4640466,2026-09-17T10:41:41.227Z,2026-09-17T10:41:41.227Z
688238,4749648,4749648,4640466,2026-09-17T10:41:41.227Z,2026-09-17T10:41:41.227Z
688239,4749648,4749648,4640466,2026-09-17T10:41:41.227Z,2026-09-17T10:41:41.227Z
688240,4749648,4749648,4640466,2026-09-17T10:41:41.227Z,2026-09-17T10:41:41.227Z
688242,4749648,4749648,4640466,2026-09-17T10:41:41.227Z,2026-09-17T10:41:41.227Z
688243,4749648,4749648,4640466,2026-09-17T10:41:41.227Z,2026-09-17T10:41:41.227Z
688244,4749648,4749648,4640466,2026-09-17T10:41:41.227Z,2026-09-17T10:41:41.227Z
688245,4749648,4749648,4640466,2026-09-17T10:41:41.227Z,2026-09-17T10:41:41.227Z
688246,4749648,4749648,4640466,2026-09-17T10:41:41.227Z,2026-09-17T10:41:41.227Z
688248,4749648,4749648,4640466,2026-09-17T10:41:41.227Z,2026-09-17T10:41:41.227Z
688249,4749648,4749648,4640466,2026-09-17T10:41:41.227Z,2026-09-17T10:41:41.227Z
688250,4749648,4749648,4640466,2026-09-17T10:41:41.227Z,2026-09-17T10:41:41.227Z
688251,4749648,4749648,4640466,2026-09-17T10:41:41.227Z,2026-09-17T10:41:41.227Z
688252,4749648,4749648,4640466,2026-09-17T10:41:41.227Z,2026-09-17T10:41:41.227Z
688254,4749648,4749648,4640466,2026-09-17T10:41:41.227Z,2026-09-17T10:41:41.227Z
688255,4749648,4749648,4640466,2026-09-17T10:41:41.227Z,2026-09-17T10:41:41.227Z
688256,4749648,4749648,4640466,2026-09-17T10:41:41.227Z,2026-09-17T10:41:41.227Z
688257,4749648,4749648,4640466,2026-09-17T10:41:41.227Z,2026-09-17T10:41:41.227Z
688258,4749648,4749648,4640466,2026-09-17T10:41:41.227Z,2026-09-17T10:41:41.227Z
688261,4749648,4749648,4640466,2026-09-17T10:41:41.227Z,2026-09-17T10:41:41.227Z
688263,4749648,4749648,4640466,2026-09-17T10:41:41.227Z,2026-09-17T10:41:41.227Z
688270,4749648,4749648,4640466,2026-09-17T10:41:41.227Z,2026-09-17T10:41:41.227Z
688271,4749648,4749648,4640466,2026-09-17T10:41:41.227Z,2026-09-17T10:41:41.227Z
688272,4749648,4749648,4640466,2026-09-17T10:41:41.227Z,2026-09-17T10:41:41.227Z
688275,4749648,4749648,4640466,2026-09-17T10:41:41.227Z,2026-09-17T10:41:41.227Z
688276,4749648,4749648,4640466,2026-09-17T10:41:41.227Z,2026-09-17T10:41:41.227Z
688277,4749648,4749648,4640466,2026-09-17T10:41:41.227Z,2026-09-17T10:41:41.227Z
688280,4749648,4749648,4640466,2026-09-17T10:41:41.227Z,2026-09-17T10:41:41.227Z
688281,4749648,4749648,4640466,2026-09-17T10:41:41.227Z,2026-09-17T10:41:41.227Z
688282,4749648,4749648,4640466,2026-09-17T10:41:41.227Z,2026-09-17T10:41:41.227Z
688284,4749648,4749648,4640466,2026-09-17T10:41:41.227Z,2026-09-17T10:41:41.227Z
688285,4749648,4749648,4640466,2026-09-17T10:41:41.227Z,2026-09-17T10:41:41.227Z
688286,4749648,4749648,4640466,2026-09-17T10:41:41.227Z,2026-09-17T10:41:41.227Z
688287,4749648,4749648,4640466,2026-09-17T10:41:41.227Z,2026-09-17T10:41:41.227Z
688290,4749648,4749648,4640466,2026-09-17T10:41:41.227Z,2026-09-17T10:41:41.227Z
688291,4749648,4749648,4640466,2026-09-17T10:41:41.227Z,2026-09-17T10:41:41.227Z
688294,4749648,4749648,4640466,2026-09-17T10:41:41.227Z,2026-09-17T10:41:41.227Z
688295,4749648,4749648,4640466,2026-09-17T10:41:41.227Z,2026-09-17T10:41:41.227Z
688296,4749648,4749648,4640466,2026-09-17T10:41:41.227Z,2026-09-17T10:41:41.227Z
688300,4749648,4749648,4640466,2026-09-17T10:41:41.227Z,2026-09-17T10:41:41.227Z
688302,4749648,4749648,4640466,2026-09-17T10:41:41.227Z,2026-09-17T10:41:41.227Z
688303,4749648,4749648,4640466,2026-09-17T10:41:41.227Z,2026-09-17T10:41:41.227Z
688304,4749648,4749648,4640466,2026-09-17T10:41:41.227Z,2026-09-17T10:41:41.227Z
688305,4749648,4749648,4640466,2026-09-17T10:41:41.227Z,2026-09-17T10:41:41.227Z
688306,4749648,4749648,4640466,2026-09-17T10:41:41.227Z,2026-09-17T10:41:41.227Z
688307,4749648,4749648,4640466,2026-09-17T10:41:41.227Z,2026-09-17T10:41:41.227Z
688309,4749648,4749648,4640466,2026-09-17T10:41:41.227Z,2026-09-17T10:41:41.227Z
688311,4749648,4749648,4640466,2026-09-17T10:41:41.227Z,2026-09-17T10:41:41.227Z
688313,4749648,4749648,4640466,2026-09-17T10:41:41.227Z,2026-09-17T10:41:41.227Z
688315,4749648,4749648,4640466,2026-09-17T10:41:41.227Z,2026-09-17T10:41:41.227Z
688316,4749648,4749648,4640466,2026-09-17T10:41:41.227Z,2026-09-17T10:41:41.227Z
688317,4749648,4749648,4640466,2026-09-17T10:41:41.227Z,2026-09-17T10:41:41.227Z
688318,4749648,4749648,4640466,2026-09-17T10:41:41.227Z,2026-09-17T10:41:41.227Z
688319,4749648,4749648,4640466,2026-09-17T10:41:41.227Z,2026-09-17T10:41:41.227Z
688321,4749648,4749648,4640466,2026-09-17T10:41:41.227Z,2026-09-17T10:41:41.227Z
688322,4749648,4749648,4640466,2026-09-17T10:41:41.227Z,2026-09-17T10:41:41.227Z
688323,4749648,4749648,4640466,2026-09-17T10:41:41.227Z,2026-09-17T10:41:41.227Z
688324,4749648,4749648,4640466,2026-09-17T10:41:41.227Z,2026-09-17T10:41:41.227Z
688325,4749648,4749648,4640466,2026-09-17T10:41:41.227Z,2026-09-17T10:41:41.227Z
688327,4749648,4749648,4640466,2026-09-17T10:41:41.227Z,2026-09-17T10:41:41.227Z
688328,4749648,4749648,4640466,2026-09-17T10:41:41.227Z,2026-09-17T10:41:41.227Z
688329,4749648,4749648,4640466,2026-09-17T10:41:41.227Z,2026-09-17T10:41:41.227Z
688332,4749648,4749648,4640466,2026-09-17T10:41:41.227Z,2026-09-17T10:41:41.227Z
688333,4749648,4749648,4640466,2026-09-17T10:41:41.227Z,2026-09-17T10:41:41.227Z
688334,4749648,4749648,4640466,2026-09-17T10:41:41.227Z,2026-09-17T10:41:41.227Z
688335,4749648,4749648,4640466,2026-09-17T10:41:41.227Z,2026-09-17T10:41:41.227Z
688339,4749648,4749648,4640466,2026-09-17T10:41:41.227Z,2026-09-17T10:41:41.227Z
688340,4749648,4749648,4640466,2026-09-17T10:41:41.227Z,2026-09-17T10:41:41.227Z
688341,4749648,4749648,4640466,2026-09-17T10:41:41.227Z,2026-09-17T10:41:41.227Z
688343,4749648,4749648,4640466,2026-09-17T10:41:41.227Z,2026-09-17T10:41:41.227Z
688344,4749648,4749648,4640466,2026-09-17T10:41:41.227Z,2026-09-17T10:41:41.227Z
688345,4749648,4749648,4640466,2026-09-17T10:41:41.227Z,2026-09-17T10:41:41.227Z
688347,4749648,4749648,4640466,2026-09-17T10:41:41.227Z,2026-09-17T10:41:41.227Z
688348,4749648,4749648,4640466,2026-09-17T10:41:41.227Z,2026-09-17T10:41:41.227Z
688349,4749648,4749648,4640466,2026-09-17T10:41:41.227Z,2026-09-17T10:41:41.227Z
688351,4749648,4749648,4640466,2026-09-17T10:41:41.227Z,2026-09-17T10:41:41.227Z
688353,4749648,4749648,4640466,2026-09-17T10:41:41.227Z,2026-09-17T10:41:41.227Z
688355,4749648,4749648,4640466,2026-09-17T10:41:41.227Z,2026-09-17T10:41:41.227Z
688356,4749648,4749648,4640466,2026-09-17T10:41:41.227Z,2026-09-17T10:41:41.227Z
688357,4749648,4749648,4640466,2026-09-17T10:41:41.227Z,2026-09-17T10:41:41.227Z
688359,4749648,4749648,4640466,2026-09-17T10:41:41.227Z,2026-09-17T10:41:41.227Z
688360,4749648,4749648,4640466,2026-09-17T10:41:41.227Z,2026-09-17T10:41:41.227Z
688361,4749648,4749648,4640466,2026-09-17T10:41:41.227Z,2026-09-17T10:41:41.227Z
688362,4749648,4749648,4640466,2026-09-17T10:41:41.227Z,2026-09-17T10:41:41.227Z
688364,4749648,4749648,4640466,2026-09-17T10:41:41.227Z,2026-09-17T10:41:41.227Z
688365,4749648,4749648,4640466,2026-09-17T10:41:41.227Z,2026-09-17T10:41:41.227Z
688366,4749648,4749648,4640466,2026-09-17T10:41:41.227Z,2026-09-17T10:41:41.227Z
688367,4749648,4749648,4640466,2026-09-17T10:41:41.227Z,2026-09-17T10:41:41.227Z
688368,4749648,4749648,4640466,2026-09-17T10:41:41.227Z,2026-09-17T10:41:41.227Z
688371,4749648,4749648,4640466,2026-09-17T10:41:41.227Z,2026-09-17T10:41:41.227Z
688372,4749648,4749648,4640466,2026-09-17T10:41:41.227Z,2026-09-17T10:41:41.227Z
688373,4749648,4749648,4640466,2026-09-17T10:41:41.227Z,2026-09-17T10:41:41.227Z
688374,4749648,4749648,4640466,2026-09-17T10:41:41.227Z,2026-09-17T10:41:41.227Z
688375,4749648,4749648,4640466,2026-09-17T10:41:41.227Z,2026-09-17T10:41:41.227Z
688377,4749648,4749648,4640466,2026-09-17T10:41:41.227Z,2026-09-17T10:41:41.227Z
688380,4749648,4749648,4640466,2026-09-17T10:41:41.227Z,2026-09-17T10:41:41.227Z
688381,4749648,4749648,4640466,2026-09-17T10:41:41.227Z,2026-09-17T10:41:41.227Z
688383,4749648,4749648,4640466,2026-09-17T10:41:41.227Z,2026-09-17T10:41:41.227Z
688386,4749648,4749648,4640466,2026-09-17T10:41:41.227Z,2026-09-17T10:41:41.227Z
688387,4749648,4749648,4640466,2026-09-17T10:41:41.227Z,2026-09-17T10:41:41.227Z
688388,4749648,4749648,4640466,2026-09-17T10:41:41.227Z,2026-09-17T10:41:41.227Z
688389,4749648,4749648,4640466,2026-09-17T10:41:41.227Z,2026-09-17T10:41:41.227Z
688390,4749648,4749648,4640466,2026-09-17T10:41:41.227Z,2026-09-17T10:41:41.227Z
688391,4749648,4749648,4640466,2026-09-17T10:41:41.227Z,2026-09-17T10:41:41.227Z
688392,4749648,4749648,4640466,2026-09-17T10:41:41.227Z,2026-09-17T10:41:41.227Z
688394,4749648,4749648,4640466,2026-09-17T10:41:41.227Z,2026-09-17T10:41:41.227Z
688400,4749648,4749648,4640466,2026-09-17T10:41:41.227Z,2026-09-17T10:41:41.227Z
688401,4749648,4749648,4640466,2026-09-17T10:41:41.227Z,2026-09-17T10:41:41.227Z
688402,4749648,4749648,4640466,2026-09-17T10:41:41.227Z,2026-09-17T10:41:41.227Z
688403,4749648,4749648,4640466,2026-09-17T10:41:41.227Z,2026-09-17T10:41:41.227Z
688404,4749648,4749648,4640466,2026-09-17T10:41:41.227Z,2026-09-17T10:41:41.227Z
688407,4749648,4749648,4640466,2026-09-17T10:41:41.227Z,2026-09-17T10:41:41.227Z
688408,4749648,4749648,4640466,2026-09-17T10:41:41.227Z,2026-09-17T10:41:41.227Z
688409,4749648,4749648,4640466,2026-09-17T10:41:41.227Z,2026-09-17T10:41:41.227Z
688410,4749648,4749648,4640466,2026-09-17T10:41:41.227Z,2026-09-17T10:41:41.227Z
688411,4749648,4749648,4640466,2026-09-17T10:41:41.227Z,2026-09-17T10:41:41.227Z
688412,4749648,4749648,4640466,2026-09-17T10:41:41.227Z,2026-09-17T10:41:41.227Z
688413,4749648,4749648,4640466,2026-09-17T10:41:41.227Z,2026-09-17T10:41:41.227Z
688414,4749648,4749648,4640466,2026-09-17T10:41:41.227Z,2026-09-17T10:41:41.227Z
688415,4749648,4749648,4640466,2026-09-17T10:41:41.227Z,2026-09-17T10:41:41.227Z
688416,4749648,4749648,4640466,2026-09-17T10:41:41.227Z,2026-09-17T10:41:41.227Z
688417,4749648,4749648,4640466,2026-09-17T10:41:41.227Z,2026-09-17T10:41:41.227Z
688418,4749648,4749648,4640466,2026-09-17T10:41:41.227Z,2026-09-17T10:41:41.227Z
688426,4749648,4749648,4640466,2026-09-17T10:41:41.227Z,2026-09-17T10:41:41.227Z
688427,4749648,4749648,4640466,2026-09-17T10:41:41.227Z,2026-09-17T10:41:41.227Z
688428,4749648,4749648,4640466,2026-09-17T10:41:41.227Z,2026-09-17T10:41:41.227Z
688429,4749648,4749648,4640466,2026-09-17T10:41:41.227Z,2026-09-17T10:41:41.227Z
688430,4749648,4749648,4640466,2026-09-17T10:41:41.227Z,2026-09-17T10:41:41.227Z
688431,4749648,4749648,4640466,2026-09-17T10:41:41.227Z,2026-09-17T10:41:41.227Z
688432,4749648,4749648,4640466,2026-09-17T10:41:41.227Z,2026-09-17T10:41:41.227Z
688433,4749648,4749648,4640466,2026-09-17T10:41:41.227Z,2026-09-17T10:41:41.227Z
688435,4749648,4749648,4640466,2026-09-17T10:41:41.227Z,2026-09-17T10:41:41.227Z
688436,4749648,4749648,4640466,2026-09-17T10:41:41.227Z,2026-09-17T10:41:41.227Z
688437,4749648,4749648,4640466,2026-09-17T10:41:41.227Z,2026-09-17T10:41:41.227Z
688438,4749648,4749648,4640466,2026-09-17T10:41:41.227Z,2026-09-17T10:41:41.227Z
688439,4749648,4749648,4640466,2026-09-17T10:41:41.227Z,2026-09-17T10:41:41.227Z
688440,4749648,4749648,4640466,2026-09-17T10:41:41.227Z,2026-09-17T10:41:41.227Z
688441,4749648,4749648,4640466,2026-09-17T10:41:41.227Z,2026-09-17T10:41:41.227Z
688444,4749648,4749648,4640466,2026-09-17T10:41:41.227Z,2026-09-17T10:41:41.227Z
688449,4749648,4749648,4640466,2026-09-17T10:41:41.227Z,2026-09-17T10:41:41.227Z
688450,4749648,4749648,4640466,2026-09-17T10:41:41.227Z,2026-09-17T10:41:41.227Z
688451,4749648,4749648,4640466,2026-09-17T10:41:41.227Z,2026-09-17T10:41:41.227Z
688452,4749648,4749648,4640466,2026-09-17T10:41:41.227Z,2026-09-17T10:41:41.227Z
688453,4749648,4749648,4640466,2026-09-17T10:41:41.227Z,2026-09-17T10:41:41.227Z
688454,4749648,4749648,4640466,2026-09-17T10:41:41.227Z,2026-09-17T10:41:41.227Z
688455,4749648,4749648,4640466,2026-09-17T10:41:41.227Z,2026-09-17T10:41:41.227Z
688456,4749648,4749648,4640466,2026-09-17T10:41:41.227Z,2026-09-17T10:41:41.227Z
688457,4749648,4749648,4640466,2026-09-17T10:41:41.227Z,2026-09-17T10:41:41.227Z
688458,4749648,4749648,4640466,2026-09-17T10:41:41.227Z,2026-09-17T10:41:41.227Z
688459,4749648,4749648,4640466,2026-09-17T10:41:41.227Z,2026-09-17T10:41:41.227Z
688460,4749648,4749648,4640466,2026-09-17T10:41:41.227Z,2026-09-17T10:41:41.227Z
688461,4749648,4749648,4640466,2026-09-17T10:41:41.227Z,2026-09-17T10:41:41.227Z
688462,4749648,4749648,4640466,2026-09-17T10:41:41.227Z,2026-09-17T10:41:41.227Z
688464,4749648,4749648,4640466,2026-09-17T10:41:41.227Z,2026-09-17T10:41:41.227Z
688465,4749648,4749648,4640466,2026-09-17T10:41:41.227Z,2026-09-17T10:41:41.227Z
688466,4749648,4749648,4640466,2026-09-17T10:41:41.227Z,2026-09-17T10:41:41.227Z
688467,4749648,4749648,4640466,2026-09-17T10:41:41.227Z,2026-09-17T10:41:41.227Z
688468,4749648,4749648,4640466,2026-09-17T10:41:41.227Z,2026-09-17T10:41:41.227Z
688469,4749648,4749648,4640466,2026-09-17T10:41:41.227Z,2026-09-17T10:41:41.227Z
688470,4749648,4749648,4640466,2026-09-17T10:41:41.227Z,2026-09-17T10:41:41.227Z
688471,4749648,4749648,4640466,2026-09-17T10:41:41.227Z,2026-09-17T10:41:41.227Z
688472,4749648,4749648,4640466,2026-09-17T10:41:41.227Z,2026-09-17T10:41:41.227Z
688473,4749648,4749648,4640466,2026-09-17T10:41:41.227Z,2026-09-17T10:41:41.227Z
688474,4749648,4749648,4640466,2026-09-17T10:41:41.227Z,2026-09-17T10:41:41.227Z
688475,4749648,4749648,4640466,2026-09-17T10:41:41.227Z,2026-09-17T10:41:41.227Z
688476,4749648,4749648,4640466,2026-09-17T10:41:41.227Z,2026-09-17T10:41:41.227Z
688477,4749648,4749648,4640466,2026-09-17T10:41:41.227Z,2026-09-17T10:41:41.227Z
688478,4749648,4749648,4640466,2026-09-17T10:41:41.227Z,2026-09-17T10:41:41.227Z
688479,4749648,4749648,4640466,2026-09-17T10:41:41.227Z,2026-09-17T10:41:41.227Z
688480,4749648,4749648,4640466,2026-09-17T10:41:41.227Z,2026-09-17T10:41:41.227Z
688481,4749648,4749648,4640466,2026-09-17T10:41:41.227Z,2026-09-17T10:41:41.227Z
688482,4749648,4749648,4640466,2026-09-17T10:41:41.227Z,2026-09-17T10:41:41.227Z
688483,4749648,4749648,4640466,2026-09-17T10:41:41.227Z,2026-09-17T10:41:41.227Z
688484,4749648,4749648,4640466,2026-09-17T10:41:41.227Z,2026-09-17T10:41:41.227Z
688491,4749648,4749648,4640466,2026-09-17T10:41:41.227Z,2026-09-17T10:41:41.227Z
688542,4749648,4749648,4640466,2026-09-17T10:41:41.227Z,2026-09-17T10:41:41.227Z
688543,4749648,4749648,4640466,2026-09-17T10:41:41.227Z,2026-09-17T10:41:41.227Z
688544,4749648,4749648,4640466,2026-09-17T10:41:41.227Z,2026-09-17T10:41:41.227Z
688545,4749648,4749648,4640466,2026-09-17T10:41:41.227Z,2026-09-17T10:41:41.227Z
688547,4749648,4749648,4640466,2026-09-17T10:41:41.227Z,2026-09-17T10:41:41.227Z
688548,4749648,4749648,4640466,2026-09-17T10:41:41.227Z,2026-09-17T10:41:41.227Z
688549,4749648,4749648,4640466,2026-09-17T10:41:41.227Z,2026-09-17T10:41:41.227Z
688551,4749648,4749648,4640466,2026-09-17T10:41:41.227Z,2026-09-17T10:41:41.227Z
688552,4749648,4749648,4640466,2026-09-17T10:41:41.227Z,2026-09-17T10:41:41.227Z
688553,4749648,4749648,4640466,2026-09-17T10:41:41.227Z,2026-09-17T10:41:41.227Z
688554,4749648,4749648,4640466,2026-09-17T10:41:41.227Z,2026-09-17T10:41:41.227Z
688555,4749648,4749648,4640466,2026-09-17T10:41:41.227Z,2026-09-17T10:41:41.227Z
688556,4749648,4749648,4640466,2026-09-17T10:41:41.227Z,2026-09-17T10:41:41.227Z
688557,4749648,4749648,4640466,2026-09-17T10:41:41.227Z,2026-09-17T10:41:41.227Z
688558,4749648,4749648,4640466,2026-09-17T10:41:41.227Z,2026-09-17T10:41:41.227Z
688559,4749648,4749648,4640466,2026-09-17T10:41:41.227Z,2026-09-17T10:41:41.227Z
688560,4749648,4749648,4640466,2026-09-17T10:41:41.227Z,2026-09-17T10:41:41.227Z
688561,4749648,4749648,4640466,2026-09-17T10:41:41.227Z,2026-09-17T10:41:41.227Z
688562,4749648,4749648,4640466,2026-09-17T10:41:41.227Z,2026-09-17T10:41:41.227Z
688563,4749648,4749648,4640466,2026-09-17T10:41:41.227Z,2026-09-17T10:41:41.227Z
688564,4749648,4749648,4640466,2026-09-17T10:41:41.227Z,2026-09-17T10:41:41.227Z
688565,4749648,4749648,4640466,2026-09-17T10:41:41.227Z,2026-09-17T10:41:41.227Z
688567,4749648,4749648,4640466,2026-09-17T10:41:41.227Z,2026-09-17T10:41:41.227Z
688568,4749648,4749648,4640466,2026-09-17T10:41:41.227Z,2026-09-17T10:41:41.227Z
688569,4749648,4749648,4640466,2026-09-17T10:41:41.227Z,2026-09-17T10:41:41.227Z
688571,4749648,4749648,4640466,2026-09-17T10:41:41.227Z,2026-09-17T10:41:41.227Z
688572,4749648,4749648,4640466,2026-09-17T10:41:41.227Z,2026-09-17T10:41:41.227Z
688573,4749648,4749648,4640466,2026-09-17T10:41:41.227Z,2026-09-17T10:41:41.227Z
688574,4749648,4749648,4640466,2026-09-17T10:41:41.227Z,2026-09-17T10:41:41.227Z
688577,4749648,4749648,4640466,2026-09-17T10:41:41.227Z,2026-09-17T10:41:41.227Z
688578,4749648,4749648,4640466,2026-09-17T10:41:41.227Z,2026-09-17T10:41:41.227Z
688582,4749648,4749648,4640466,2026-09-17T10:41:41.227Z,2026-09-17T10:41:41.227Z
688583,4749648,4749648,4640466,2026-09-17T10:41:41.227Z,2026-09-17T10:41:41.227Z
688585,4749648,4749648,4640466,2026-09-17T10:41:41.227Z,2026-09-17T10:41:41.227Z
688586,4749648,4749648,4640466,2026-09-17T10:41:41.227Z,2026-09-17T10:41:41.227Z
688587,4749648,4749648,4640466,2026-09-17T10:41:41.227Z,2026-09-17T10:41:41.227Z
688588,4749648,4749648,4640466,2026-09-17T10:41:41.227Z,2026-09-17T10:41:41.227Z
688590,4749648,4749648,4640466,2026-09-17T10:41:41.227Z,2026-09-17T10:41:41.227Z
688592,4749648,4749648,4640466,2026-09-17T10:41:41.227Z,2026-09-17T10:41:41.227Z
688593,4749648,4749648,4640466,2026-09-17T10:41:41.227Z,2026-09-17T10:41:41.227Z
688594,4749648,4749648,4640466,2026-09-17T10:41:41.227Z,2026-09-17T10:41:41.227Z
688597,4749648,4749648,4640466,2026-09-17T10:41:41.227Z,2026-09-17T10:41:41.227Z
688598,4749648,4749648,4640466,2026-09-17T10:41:41.227Z,2026-09-17T10:41:41.227Z
688599,4749648,4749648,4640466,2026-09-17T10:41:41.227Z,2026-09-17T10:41:41.227Z
688601,4749648,4749648,4640466,2026-09-17T10:41:41.227Z,2026-09-17T10:41:41.227Z
688602,4749648,4749648,4640466,2026-09-17T10:41:41.227Z,2026-09-17T10:41:41.227Z
688603,4749648,4749648,4640466,2026-09-17T10:41:41.227Z,2026-09-17T10:41:41.227Z
688604,4749648,4749648,4640466,2026-09-17T10:41:41.227Z,2026-09-17T10:41:41.227Z
688605,4749648,4749648,4640466,2026-09-17T10:41:41.227Z,2026-09-17T10:41:41.227Z
688606,4749648,4749648,4640466,2026-09-17T10:41:41.227Z,2026-09-17T10:41:41.227Z
688607,4749648,4749648,4640466,2026-09-17T10:41:41.227Z,2026-09-17T10:41:41.227Z
688608,4749648,4749648,4640466,2026-09-17T10:41:41.227Z,2026-09-17T10:41:41.227Z
688609,4749648,4749648,4640466,2026-09-17T10:41:41.227Z,2026-09-17T10:41:41.227Z
688610,4749648,4749648,4640466,2026-09-17T10:41:41.227Z,2026-09-17T10:41:41.227Z
688611,4749648,4749648,4640466,2026-09-17T10:41:41.227Z,2026-09-17T10:41:41.227Z
688613,4749648,4749648,4640466,2026-09-17T10:41:41.227Z,2026-09-17T10:41:41.227Z
688614,4749648,4749648,4640466,2026-09-17T10:41:41.227Z,2026-09-17T10:41:41.227Z
688615,4749648,4749648,4640466,2026-09-17T10:41:41.227Z,2026-09-17T10:41:41.227Z
688619,4749648,4749648,4640466,2026-09-17T10:41:41.227Z,2026-09-17T10:41:41.227Z
688620,4749648,4749648,4640466,2026-09-17T10:41:41.227Z,2026-09-17T10:41:41.227Z
688621,4749648,4749648,4640466,2026-09-17T10:41:41.227Z,2026-09-17T10:41:41.227Z
688622,4749648,4749648,4640466,2026-09-17T10:41:41.227Z,2026-09-17T10:41:41.227Z
688624,4749648,4749648,4640466,2026-09-17T10:41:41.227Z,2026-09-17T10:41:41.227Z
688625,4749648,4749648,4640466,2026-09-17T10:41:41.227Z,2026-09-17T10:41:41.227Z
688627,4749648,4749648,4640466,2026-09-17T10:41:41.227Z,2026-09-17T10:41:41.227Z
688628,4749648,4749648,4640466,2026-09-17T10:41:41.227Z,2026-09-17T10:41:41.227Z
688629,4749648,4749648,4640466,2026-09-17T10:41:41.227Z,2026-09-17T10:41:41.227Z
688631,4749648,4749648,4640466,2026-09-17T10:41:41.227Z,2026-09-17T10:41:41.227Z
688633,4749648,4749648,4640466,2026-09-17T10:41:41.227Z,2026-09-17T10:41:41.227Z
688634,4749648,4749648,4640466,2026-09-17T10:41:41.227Z,2026-09-17T10:41:41.227Z
688637,4749648,4749648,4640466,2026-09-17T10:41:41.227Z,2026-09-17T10:41:41.227Z
688661,4749648,4749648,4640466,2026-09-17T10:41:41.227Z,2026-09-17T10:41:41.227Z
688662,4749648,4749648,4640466,2026-09-17T10:41:41.227Z,2026-09-17T10:41:41.227Z
688664,4749648,4749648,4640466,2026-09-17T10:41:41.227Z,2026-09-17T10:41:41.227Z
688665,4749648,4749648,4640466,2026-09-17T10:41:41.227Z,2026-09-17T10:41:41.227Z
688667,4749648,4749648,4640466,2026-09-17T10:41:41.227Z,2026-09-17T10:41:41.227Z
688668,4749648,4749648,4640466,2026-09-17T10:41:41.227Z,2026-09-17T10:41:41.227Z
688669,4749648,4749648,4640466,2026-09-17T10:41:41.227Z,2026-09-17T10:41:41.227Z
688670,4749648,4749648,4640466,2026-09-17T10:41:41.227Z,2026-09-17T10:41:41.227Z
688671,4749648,4749648,4640466,2026-09-17T10:41:41.227Z,2026-09-17T10:41:41.227Z
688672,4749648,4749648,4640466,2026-09-17T10:41:41.227Z,2026-09-17T10:41:41.227Z
688673,4749648,4749648,4640466,2026-09-17T10:41:41.227Z,2026-09-17T10:41:41.227Z
688674,4749648,4749648,4640466,2026-09-17T10:41:41.227Z,2026-09-17T10:41:41.227Z
688676,4749648,4749648,4640466,2026-09-17T10:41:41.227Z,2026-09-17T10:41:41.227Z
688677,4749648,4749648,4640466,2026-09-17T10:41:41.227Z,2026-09-17T10:41:41.227Z
688678,4749648,4749648,4640466,2026-09-17T10:41:41.227Z,2026-09-17T10:41:41.227Z
688679,4749648,4749648,4640466,2026-09-17T10:41:41.227Z,2026-09-17T10:41:41.227Z
688681,4749648,4749648,4640466,2026-09-17T10:41:41.227Z,2026-09-17T10:41:41.227Z
688682,4749648,4749648,4640466,2026-09-17T10:41:41.227Z,2026-09-17T10:41:41.227Z
688683,4749648,4749648,4640466,2026-09-17T10:41:41.227Z,2026-09-17T10:41:41.227Z
688686,4749648,4749648,4640466,2026-09-17T10:41:41.227Z,2026-09-17T10:41:41.227Z
688688,4749648,4749648,4640466,2026-09-17T10:41:41.227Z,2026-09-17T10:41:41.227Z
688690,4749648,4749648,4640466,2026-09-17T10:41:41.227Z,2026-09-17T10:41:41.227Z
688691,4749648,4749648,4640466,2026-09-17T10:41:41.227Z,2026-09-17T10:41:41.227Z
688692,4749648,4749648,4640466,2026-09-17T10:41:41.227Z,2026-09-17T10:41:41.227Z
688696,4749648,4749648,4640466,2026-09-17T10:41:41.227Z,2026-09-17T10:41:41.227Z
688697,4749648,4749648,4640466,2026-09-17T10:41:41.227Z,2026-09-17T10:41:41.227Z
688698,4749648,4749648,4640466,2026-09-17T10:41:41.227Z,2026-09-17T10:41:41.227Z
688699,4749648,4749648,4640466,2026-09-17T10:41:41.227Z,2026-09-17T10:41:41.227Z
688700,4749648,4749648,4640466,2026-09-17T10:41:41.227Z,2026-09-17T10:41:41.227Z
688701,4749648,4749648,4640466,2026-09-17T10:41:41.227Z,2026-09-17T10:41:41.227Z
688702,4749648,4749648,4640466,2026-09-17T10:41:41.227Z,2026-09-17T10:41:41.227Z
688703,4749648,4749648,4640466,2026-09-17T10:41:41.227Z,2026-09-17T10:41:41.227Z
688704,4749648,4749648,4640466,2026-09-17T10:41:41.227Z,2026-09-17T10:41:41.227Z
688705,4749648,4749648,4640466,2026-09-17T10:41:41.227Z,2026-09-17T10:41:41.227Z
688709,4749648,4749648,4640466,2026-09-17T10:41:41.227Z,2026-09-17T10:41:41.227Z
688710,4749648,4749648,4640466,2026-09-17T10:41:41.227Z,2026-09-17T10:41:41.227Z
688711,4749648,4749648,4640466,2026-09-17T10:41:41.227Z,2026-09-17T10:41:41.227Z
688712,4749648,4749648,4640466,2026-09-17T10:41:41.227Z,2026-09-17T10:41:41.227Z
688713,4749648,4749648,4640466,2026-09-17T10:41:41.227Z,2026-09-17T10:41:41.227Z
688714,4749648,4749648,4640466,2026-09-17T10:41:41.227Z,2026-09-17T10:41:41.227Z
688720,4749648,4749648,4640466,2026-09-17T10:41:41.227Z,2026-09-17T10:41:41.227Z
688721,4749648,4749648,4640466,2026-09-17T10:41:41.227Z,2026-09-17T10:41:41.227Z
688722,4749648,4749648,4640466,2026-09-17T10:41:41.227Z,2026-09-17T10:41:41.227Z
688723,4749648,4749648,4640466,2026-09-17T10:41:41.227Z,2026-09-17T10:41:41.227Z
688724,4749648,4749648,4640466,2026-09-17T10:41:41.227Z,2026-09-17T10:41:41.227Z
688725,4749648,4749648,4640466,2026-09-17T10:41:41.227Z,2026-09-17T10:41:41.227Z
688727,4749648,4749648,4640466,2026-09-17T10:41:41.227Z,2026-09-17T10:41:41.227Z
688729,4749648,4749648,4640466,2026-09-17T05:24:09.150Z,2026-09-17T05:24:09.150Z
688730,4749648,4749648,4640466,2026-09-17T05:24:09.150Z,2026-09-17T05:24:09.150Z
688731,4749648,4749648,4640466,2026-09-17T05:24:09.150Z,2026-09-17T06:57:20.132Z
688732,4749648,4749648,4640466,2026-09-17T05:24:09.150Z,2026-09-17T05:24:09.150Z
688734,4749648,4749648,4640466,2026-09-17T05:24:09.150Z,2026-09-17T05:24:09.150Z
688735,4749648,4749648,4640466,2026-09-17T05:24:09.150Z,2026-09-17T05:24:09.150Z
688736,4749648,4749648,4640466,2026-09-17T05:24:09.150Z,2026-09-17T05:24:09.150Z
688737,4749648,4749648,4640466,2026-09-17T05:24:09.150Z,2026-09-17T05:24:09.150Z
688738,4749648,4749648,4640466,2026-09-17T05:24:09.150Z,2026-09-17T07:16:24.557Z
688739,4749648,4749648,4640466,2026-09-17T05:24:09.150Z,2026-09-17T05:24:09.150Z
688740,4749648,4749648,4640466,2026-09-17T05:24:09.150Z,2026-09-17T07:34:48.168Z
688741,4749648,4749648,4640466,2026-09-17T05:24:09.150Z,2026-09-17T05:24:09.150Z
688743,4749648,4749648,4640466,2026-09-17T05:24:09.150Z,2026-09-17T05:24:09.150Z
688745,4749648,4749648,4640466,2026-09-17T05:24:09.150Z,2026-09-17T06:41:07.184Z
688747,4749648,4749648,4640466,2026-09-17T05:24:09.150Z,2026-09-17T06:41:07.184Z
688749,4749648,4749648,4640466,2026-09-17T05:24:09.150Z,2026-09-17T06:37:23.541Z
688750,4749648,4749648,4640466,2026-09-17T05:24:09.150Z,2026-09-17T05:32:56.576Z
688752,4749648,4749648,4640466,2026-09-17T05:24:09.150Z,2026-09-17T05:24:09.150Z
688754,4749648,4749648,4640466,2026-09-17T05:24:09.150Z,2026-09-17T07:16:24.557Z
688755,4749648,4749648,4640466,2026-09-17T05:24:09.150Z,2026-09-17T05:24:09.150Z
688756,4749648,4749648,4640466,2026-09-17T05:24:09.150Z,2026-09-17T05:24:09.150Z
688757,4749648,4749648,4640466,2026-09-17T05:24:09.150Z,2026-09-17T05:24:09.150Z
688758,4749648,4749648,4640466,2026-09-17T05:24:09.150Z,2026-09-17T05:24:09.150Z
688759,4749648,4749648,4640466,2026-09-17T05:24:09.150Z,2026-09-17T05:24:09.150Z
688760,4749648,4749648,4640466,2026-09-17T05:24:09.150Z,2026-09-17T05:24:09.150Z
688761,4749648,4749648,4640466,2026-09-17T05:24:09.150Z,2026-09-17T05:24:09.150Z
688762,4749648,4749648,4640466,2026-09-17T05:24:09.150Z,2026-09-17T05:24:09.150Z
688763,4749648,4749648,4640466,2026-09-17T05:24:09.150Z,2026-09-17T05:24:09.150Z
688765,4749648,4749648,4640466,2026-09-17T05:24:09.150Z,2026-09-17T05:24:09.150Z
688767,4749648,4749648,4640466,2026-09-17T05:24:09.150Z,2026-09-17T05:24:09.150Z
688768,4749648,4749648,4640466,2026-09-17T05:24:09.150Z,2026-09-17T05:24:09.150Z
688769,4749648,4749648,4640466,2026-09-17T05:24:09.150Z,2026-09-17T05:24:09.150Z
688770,4749648,4749648,4640466,2026-09-17T05:24:09.150Z,2026-09-17T05:24:09.150Z
688771,4749648,4749648,4640466,2026-09-17T05:24:09.150Z,2026-09-17T05:24:09.150Z
688773,4749648,4749648,4640466,2026-09-17T05:24:09.150Z,2026-09-17T05:24:09.150Z
688774,4749648,4749648,4640466,2026-09-17T05:24:09.150Z,2026-09-17T09:30:36.709Z
688775,4749648,4749648,4640466,2026-09-17T05:24:09.150Z,2026-09-17T05:24:09.150Z
688776,4749648,4749648,4640466,2026-09-17T05:24:09.150Z,2026-09-17T05:24:09.150Z
688777,4749648,4749648,4640466,2026-09-17T05:24:09.150Z,2026-09-17T05:24:09.150Z
688779,4749648,4749648,4640466,2026-09-17T05:24:09.150Z,2026-09-17T05:24:09.150Z
688780,4749648,4749648,4640466,2026-09-17T05:24:09.150Z,2026-09-17T06:41:07.184Z
688781,4749648,4749648,4640466,2026-09-17T05:24:09.150Z,2026-09-17T05:24:09.150Z
688782,4749648,4749648,4640466,2026-09-17T05:24:09.150Z,2026-09-17T06:37:23.541Z
688784,4749648,4749648,4640466,2026-09-17T05:24:09.150Z,2026-09-17T05:24:09.150Z
688787,4749648,4749648,4640466,2026-09-17T05:24:09.150Z,2026-09-17T06:57:20.132Z
688794,4749648,4749648,4640466,2026-09-17T05:24:09.150Z,2026-09-17T12:45:37.130Z
688795,4749648,4749648,4640466,2026-09-17T05:24:09.150Z,2026-09-17T05:24:09.150Z
688796,4749648,4749648,4640466,2026-09-17T05:24:09.150Z,2026-09-17T06:41:07.184Z
688797,4749648,4749648,4640466,2026-09-17T05:24:09.150Z,2026-09-17T05:24:09.150Z
688799,4749648,4749648,4640466,2026-09-17T05:24:09.150Z,2026-09-17T05:24:09.150Z
688800,4749648,4749648,4640466,2026-09-17T05:24:09.150Z,2026-09-17T05:24:09.150Z
688802,4749648,4749648,4640466,2026-09-17T05:24:09.150Z,2026-09-17T05:24:09.150Z
688803,4749648,4749648,4640466,2026-09-17T05:24:09.150Z,2026-09-17T05:24:09.150Z
688804,4749648,4749648,4640466,2026-09-17T05:24:09.150Z,2026-09-17T07:41:52.152Z
688806,4749648,4749648,4640466,2026-09-17T05:24:09.150Z,2026-09-17T05:24:09.150Z
688808,4749648,4749648,4640466,2026-09-17T05:24:09.150Z,2026-09-17T05:24:09.150Z
688809,4749648,4749648,4640466,2026-09-17T05:24:09.150Z,2026-09-17T05:24:09.150Z
688812,4749648,4749648,4640466,2026-09-17T05:24:09.150Z,2026-09-17T05:32:56.576Z
688813,4749648,4749648,4640466,2026-09-17T05:24:09.150Z,2026-09-17T05:24:09.150Z
688816,4749648,4749648,4640466,2026-09-17T05:24:09.150Z,2026-09-17T05:24:09.150Z
688818,4749648,4749648,4640466,2026-09-17T05:24:09.150Z,2026-09-17T06:41:07.184Z
688830,4749651,4749651,4640466,2026-09-17T07:36:49.441Z,2026-09-17T07:36:49.441Z
688841,4749651,4749651,4640466,2026-09-17T07:36:49.441Z,2026-09-17T07:36:49.441Z
688853,4749651,4749651,4640466,2026-09-17T07:36:49.441Z,2026-09-17T07:36:49.441Z
688865,4749651,4749651,4640466,2026-09-17T07:36:49.441Z,2026-09-17T07:36:49.441Z
688876,4749651,4749651,4640466,2026-09-17T07:36:49.441Z,2026-09-17T07:36:49.441Z
688878,4749648,4749648,4640466,2026-09-17T05:24:09.150Z,2026-09-17T05:32:56.576Z
688901,4749651,4749651,4640466,2026-09-17T07:36:49.441Z,2026-09-17T07:36:49.441Z
688902,4749648,4749648,4640466,2026-09-17T05:24:09.150Z,2026-09-17T07:03:10.896Z
688914,4749651,4749651,4640466,2026-09-17T07:36:49.441Z,2026-09-17T07:36:49.441Z
688924,4749651,4749651,4640466,2026-09-17T07:36:49.441Z,2026-09-17T07:36:49.441Z
688935,4749651,4749651,4640466,2026-09-17T07:36:49.441Z,2026-09-17T07:36:49.441Z
688947,4749651,4749651,4640466,2026-09-17T07:36:49.441Z,2026-09-17T07:36:49.441Z
688971,4749651,4749651,4640466,2026-09-17T07:36:49.441Z,2026-09-17T07:36:49.441Z
688972,4749648,4749648,4640466,2026-09-17T05:24:09.150Z,2026-09-17T07:45:33.970Z
688982,4749651,4749651,4640466,2026-09-17T07:36:49.441Z,2026-09-17T07:36:49.441Z
688997,4749648,4749648,4640466,2026-09-17T05:24:09.150Z,2026-09-17T06:41:07.184Z
689004,4749651,4749651,4640466,2026-09-17T07:36:49.441Z,2026-09-17T07:36:49.441Z
689015,4749651,4749651,4640466,2026-09-17T07:36:49.441Z,2026-09-17T07:36:49.441Z
689026,4749651,4749651,4640466,2026-09-17T07:36:49.441Z,2026-09-17T07:36:49.441Z
689037,4749651,4749651,4640466,2026-09-17T07:36:49.441Z,2026-09-17T07:36:49.441Z
689039,4749648,4749648,4640466,2026-09-17T05:24:09.150Z,2026-09-17T06:57:20.132Z
689048,4749651,4749651,4640466,2026-09-17T07:36:49.441Z,2026-09-17T07:36:49.441Z
689059,4749651,4749651,4640466,2026-09-17T07:36:49.441Z,2026-09-17T07:36:49.441Z
689069,4749651,4749651,4640466,2026-09-17T07:36:49.441Z,2026-09-17T07:36:49.441Z
689071,4749651,4749651,4640466,2026-09-17T07:36:49.441Z,2026-09-17T07:36:49.441Z
689082,4749651,4749651,4640466,2026-09-17T07:36:49.441Z,2026-09-17T07:36:49.441Z
689083,4749648,4749648,4640466,2026-09-17T05:24:09.150Z,2026-09-17T06:37:23.541Z
689086,4749648,4749648,4640466,2026-09-17T05:24:09.150Z,2026-09-17T07:03:10.896Z
689087,4749651,4749651,4640466,2026-09-17T07:36:49.441Z,2026-09-17T07:36:49.441Z
689094,4749651,4749651,4640466,2026-09-17T07:36:49.441Z,2026-09-17T07:36:49.441Z
689104,4749648,4749648,4640466,2026-09-17T05:24:09.150Z,2026-09-17T06:37:23.541Z
689119,4749651,4749651,4640466,2026-09-17T07:36:49.441Z,2026-09-17T07:36:49.441Z
689121,4749651,4749651,4640466,2026-09-17T07:36:49.441Z,2026-09-17T07:36:49.441Z
689123,4749648,4749648,4640466,2026-09-17T05:24:09.150Z,2026-09-17T09:30:36.709Z
689130,4749651,4749651,4640466,2026-09-17T07:36:49.441Z,2026-09-17T07:36:49.441Z
689131,4749648,4749648,4640466,2026-09-17T05:24:09.150Z,2026-09-17T09:30:36.709Z
689141,4749651,4749651,4640466,2026-09-17T07:36:49.441Z,2026-09-17T07:36:49.441Z
689143,4749648,4749648,4640466,2026-09-17T05:24:09.150Z,2026-09-17T07:16:24.557Z
689145,4749648,4749648,4640466,2026-09-17T05:24:09.150Z,2026-09-17T09:30:36.709Z
689152,4749651,4749651,4640466,2026-09-17T07:36:49.441Z,2026-09-17T07:36:49.441Z
689163,4749651,4749651,4640466,2026-09-17T07:36:49.441Z,2026-09-17T07:36:49.441Z
689174,4749651,4749651,4640466,2026-09-17T07:36:49.441Z,2026-09-17T07:36:49.441Z
689187,4749651,4749651,4640466,2026-09-17T07:36:49.441Z,2026-09-17T07:36:49.441Z
689196,4749651,4749651,4640466,2026-09-17T07:36:49.441Z,2026-09-17T07:36:49.441Z
689208,4749648,4749648,4640466,2026-09-17T05:24:09.150Z,2026-09-17T07:29:20.886Z
689211,4749648,4749648,4640466,2026-09-17T05:24:09.150Z,2026-09-17T09:30:36.709Z
689225,4749651,4749651,4640466,2026-09-17T07:36:49.441Z,2026-09-17T07:36:49.441Z
689230,4749651,4749651,4640466,2026-09-17T07:36:49.441Z,2026-09-17T07:36:49.441Z
689237,4749648,4749648,4640466,2026-09-17T05:24:09.150Z,2026-09-17T07:29:20.886Z
689245,4749651,4749651,4640466,2026-09-17T07:36:49.441Z,2026-09-17T07:36:49.441Z
689246,4749648,4749648,4640466,2026-09-17T05:24:09.150Z,2026-09-17T06:10:03.883Z
689247,4749648,4749648,4640466,2026-09-17T05:24:09.150Z,2026-09-17T07:34:48.168Z
689257,4749651,4749651,4640466,2026-09-17T07:36:49.441Z,2026-09-17T07:36:49.441Z
689268,4749651,4749651,4640466,2026-09-17T07:36:49.441Z,2026-09-17T07:36:49.441Z
689284,4749648,4749648,4640466,2026-09-17T05:24:09.150Z,2026-09-17T07:34:48.168Z
689286,4749648,4749648,4640466,2026-09-17T05:24:09.150Z,2026-09-17T06:57:20.132Z
689287,4749648,4749648,4640466,2026-09-17T05:24:09.150Z,2026-09-17T09:30:36.709Z
689290,4749648,4749648,4640466,2026-09-17T05:24:09.150Z,2026-09-17T06:37:23.541Z
689292,4749648,4749648,4640466,2026-09-17T05:24:09.150Z,2026-09-17T07:29:20.886Z
689295,4749648,4749648,4640466,2026-09-17T05:24:09.150Z,2026-09-17T05:32:56.576Z
689300,4749648,4749648,4640466,2026-09-17T05:24:09.150Z,2026-09-17T09:44:21.262Z
689301,4749648,4749648,4640466,2026-09-17T05:24:09.150Z,2026-09-17T07:03:10.896Z
689307,4749648,4749648,4640466,2026-09-17T05:24:09.150Z,2026-09-17T07:29:20.886Z
689315,4749648,4749648,4640466,2026-09-17T05:24:09.150Z,2026-09-17T06:57:20.132Z
689318,4749648,4749648,4640466,2026-09-17T05:24:09.150Z,2026-09-17T07:45:33.970Z
689323,4749648,4749648,4640466,2026-09-17T05:24:09.150Z,2026-09-17T07:29:20.886Z
689327,4749648,4749648,4640466,2026-09-17T05:24:09.150Z,2026-09-17T06:37:23.541Z
689337,4749648,4749648,4640466,2026-09-17T05:24:09.150Z,2026-09-17T07:41:52.152Z
689353,4749648,4749648,4640466,2026-09-17T05:24:09.150Z,2026-09-17T06:57:20.132Z
689354,4749648,4749648,4640466,2026-09-17T05:24:09.150Z,2026-09-17T09:30:36.709Z
689359,4749648,4749648,4640466,2026-09-17T05:24:09.150Z,2026-09-17T07:03:10.896Z
689371,4749648,4749648,4640466,2026-09-17T05:24:09.150Z,2026-09-17T07:45:33.970Z
689384,4749648,4749648,4640466,2026-09-17T05:24:09.150Z,2026-09-17T07:29:20.886Z
689388,4749648,4749648,4640466,2026-09-17T05:24:09.150Z,2026-09-17T05:32:56.576Z
689390,4749648,4749648,4640466,2026-09-17T05:24:09.150Z,2026-09-17T05:32:56.576Z
689394,4749648,4749648,4640466,2026-09-17T05:24:09.150Z,2026-09-17T06:41:07.184Z
689484,4749651,4749651,4640466,2026-09-17T07:36:49.441Z,2026-09-17T07:36:49.441Z
689485,4749651,4749651,4640466,2026-09-17T07:36:49.441Z,2026-09-17T07:36:49.441Z
689486,4749651,4749651,4640466,2026-09-17T07:36:49.441Z,2026-09-17T07:36:49.441Z
689490,4749651,4749651,4640466,2026-09-17T07:36:49.441Z,2026-09-17T07:36:49.441Z
689491,4749651,4749651,4640466,2026-09-17T07:36:49.441Z,2026-09-17T07:36:49.441Z
689687,4749651,4749651,4640466,2026-09-17T07:36:49.441Z,2026-09-17T07:36:49.441Z
689688,4749646,4749646,4640466,2026-09-17T09:44:26.561Z,2026-09-17T09:44:26.561Z
689689,4749646,4749646,4640466,2026-09-17T09:44:26.561Z,2026-09-17T09:44:26.561Z
689690,4749646,4749646,4640466,2026-09-17T09:44:26.561Z,2026-09-17T09:44:26.561Z
689691,4749646,4749646,4640466,2026-09-17T09:44:26.561Z,2026-09-17T09:44:26.561Z
689692,4749646,4749646,4640466,2026-09-17T09:44:26.561Z,2026-09-17T09:44:26.561Z
689694,4749646,4749646,4640466,2026-09-17T09:44:26.561Z,2026-09-17T09:44:26.561Z
689695,4749646,4749646,4640466,2026-09-17T09:44:26.561Z,2026-09-17T09:44:26.561Z
689697,4749646,4749646,4640466,2026-09-17T09:44:26.561Z,2026-09-17T09:44:26.561Z
689698,4749646,4749646,4640466,2026-09-17T09:44:26.561Z,2026-09-17T09:44:26.561Z
689699,4749646,4749646,4640466,2026-09-17T09:44:26.561Z,2026-09-17T09:44:26.561Z
689700,4749646,4749646,4640466,2026-09-17T09:44:26.561Z,2026-09-17T09:44:26.561Z
689701,4749646,4749646,4640466,2026-09-17T09:44:26.561Z,2026-09-17T09:44:26.561Z
689702,4749646,4749646,4640466,2026-09-17T09:44:26.561Z,2026-09-17T09:44:26.561Z
689704,4749646,4749646,4640466,2026-09-17T09:44:26.561Z,2026-09-17T09:44:26.561Z
689706,4749646,4749646,4640466,2026-09-17T09:44:26.561Z,2026-09-17T09:44:26.561Z
689707,4749646,4749646,4640466,2026-09-17T09:44:26.561Z,2026-09-17T09:44:26.561Z
689708,4749646,4749646,4640466,2026-09-17T09:44:26.561Z,2026-09-17T09:44:26.561Z
689709,4749646,4749646,4640466,2026-09-17T09:44:26.561Z,2026-09-17T09:44:26.561Z
689710,4749646,4749646,4640466,2026-09-17T09:44:26.561Z,2026-09-17T09:44:26.561Z
689712,4749646,4749646,4640466,2026-09-17T09:44:26.561Z,2026-09-17T09:44:26.561Z
689713,4749646,4749646,4640466,2026-09-17T09:44:26.561Z,2026-09-17T09:44:26.561Z
689714,4749646,4749646,4640466,2026-09-17T09:44:26.561Z,2026-09-17T09:44:26.561Z
689715,4749646,4749646,4640466,2026-09-17T09:44:26.561Z,2026-09-17T09:44:26.561Z
689716,4749646,4749646,4640466,2026-09-17T09:44:26.561Z,2026-09-17T09:44:26.561Z
689717,4749646,4749646,4640466,2026-09-17T09:44:26.561Z,2026-09-17T09:44:26.561Z
689718,4749646,4749646,4640466,2026-09-17T09:44:26.561Z,2026-09-17T09:44:26.561Z
689719,4749646,4749646,4640466,2026-09-17T09:44:26.561Z,2026-09-17T09:44:26.561Z
689720,4749646,4749646,4640466,2026-09-17T09:44:26.561Z,2026-09-17T09:44:26.561Z
689721,4749646,4749646,4640466,2026-09-17T09:44:26.561Z,2026-09-17T09:44:26.561Z
689723,4749646,4749646,4640466,2026-09-17T09:44:26.561Z,2026-09-17T09:44:26.561Z
689724,4749646,4749646,4640466,2026-09-17T09:44:26.561Z,2026-09-17T09:44:26.561Z
689726,4749646,4749646,4640466,2026-09-17T09:44:26.561Z,2026-09-17T09:44:26.561Z
689727,4749646,4749646,4640466,2026-09-17T09:44:26.561Z,2026-09-17T09:44:26.561Z
689728,4749646,4749646,4640466,2026-09-17T09:44:26.561Z,2026-09-17T09:44:26.561Z
689729,4749646,4749646,4640466,2026-09-17T09:44:26.561Z,2026-09-17T09:44:26.561Z
689730,4749646,4749646,4640466,2026-09-17T09:44:26.561Z,2026-09-17T09:44:26.561Z
689731,4749646,4749646,4640466,2026-09-17T09:44:26.561Z,2026-09-17T09:44:26.561Z
689732,4749646,4749646,4640466,2026-09-17T09:44:26.561Z,2026-09-17T09:44:26.561Z
689733,4749646,4749646,4640466,2026-09-17T09:44:26.561Z,2026-09-17T09:44:26.561Z
689734,4749646,4749646,4640466,2026-09-17T09:44:26.561Z,2026-09-17T09:44:26.561Z
689735,4749646,4749646,4640466,2026-09-17T09:44:26.561Z,2026-09-17T09:44:26.561Z
689737,4749646,4749646,4640466,2026-09-17T09:44:26.561Z,2026-09-17T09:44:26.561Z
689738,4749646,4749646,4640466,2026-09-17T09:44:26.561Z,2026-09-17T09:44:26.561Z
689739,4749646,4749646,4640466,2026-09-17T09:44:26.561Z,2026-09-17T09:44:26.561Z
689740,4749646,4749646,4640466,2026-09-17T09:44:26.561Z,2026-09-17T09:44:26.561Z
689742,4749646,4749646,4640466,2026-09-17T09:44:26.561Z,2026-09-17T09:44:26.561Z
689743,4749646,4749646,4640466,2026-09-17T09:44:26.561Z,2026-09-17T09:44:26.561Z
689745,4749646,4749646,4640466,2026-09-17T09:44:26.561Z,2026-09-17T09:44:26.561Z
689747,4749646,4749646,4640466,2026-09-17T09:44:26.561Z,2026-09-17T09:44:26.561Z
689748,4749646,4749646,4640466,2026-09-17T09:44:26.561Z,2026-09-17T09:44:26.561Z
689749,4749646,4749646,4640466,2026-09-17T09:44:26.561Z,2026-09-17T09:44:26.561Z
689750,4749646,4749646,4640466,2026-09-17T09:44:26.561Z,2026-09-17T09:44:26.561Z
689752,4749646,4749646,4640466,2026-09-17T09:44:26.561Z,2026-09-17T09:44:26.561Z
689753,4749646,4749646,4640466,2026-09-17T09:44:26.561Z,2026-09-17T11:35:22.968Z
689754,4749646,4749646,4640466,2026-09-17T09:44:26.561Z,2026-09-17T11:35:11.137Z
689755,4749646,4749646,4640466,2026-09-17T09:44:26.561Z,2026-09-17T11:34:56.970Z
689756,4749646,4749646,4640466,2026-09-17T09:44:26.561Z,2026-09-17T11:34:36.982Z
689757,4749646,4749646,4640466,2026-09-17T09:44:26.561Z,2026-09-17T11:29:32.395Z
689758,4749646,4749646,4640466,2026-09-17T09:44:26.561Z,2026-09-17T11:29:14.516Z
689759,4749646,4749646,4640466,2026-09-17T09:44:26.561Z,2026-09-17T11:28:57.889Z
689760,4749646,4749646,4640466,2026-09-17T09:44:26.561Z,2026-09-17T11:28:36.011Z
689761,4749646,4749646,4640466,2026-09-17T09:44:26.561Z,2026-09-17T11:28:24.571Z
689762,4749646,4749646,4640466,2026-09-17T09:44:26.561Z,2026-09-17T11:26:34.856Z
689763,4749646,4749646,4640466,2026-09-17T09:44:26.561Z,2026-09-17T11:19:39.149Z
689764,4749646,4749646,4640466,2026-09-17T09:44:26.561Z,2026-09-17T11:19:24.199Z
689765,4749646,4749646,4640466,2026-09-17T09:44:26.561Z,2026-09-17T11:19:10.233Z
689766,4749646,4749646,4640466,2026-09-17T09:44:26.561Z,2026-09-17T10:35:36.660Z
689767,4749646,4749646,4640466,2026-09-17T09:44:26.561Z,2026-09-17T10:35:11.464Z
689769,4749646,4749646,4640466,2026-09-17T09:44:26.561Z,2026-09-17T10:34:31.187Z
689770,4749646,4749646,4640466,2026-09-17T09:44:26.561Z,2026-09-17T10:32:40.879Z
689782,4749646,4749646,4640466,2026-09-17T09:44:26.561Z,2026-09-17T10:32:25.093Z
689783,4749646,4749646,4640466,2026-09-17T09:44:26.561Z,2026-09-17T10:31:57.739Z
689784,4749646,4749646,4640466,2026-09-17T09:44:26.561Z,2026-09-17T10:25:46.604Z
689891,4749651,4749651,4640466,2026-09-17T07:36:49.441Z,2026-09-17T07:36:49.441Z
689894,4749651,4749651,4640466,2026-09-17T07:36:49.441Z,2026-09-17T07:36:49.441Z
691200,4749651,4749651,4640466,2026-09-17T07:36:49.441Z,2026-09-17T07:36:49.441Z
691211,4749651,4749651,4640466,2026-09-17T07:36:49.441Z,2026-09-17T07:36:49.441Z
691462,4749644,4749644,4640466,2026-09-17T10:40:56.022Z,2026-09-17T10:40:56.022Z
691466,4749644,4749644,4640466,2026-09-17T10:40:56.022Z,2026-09-17T10:40:56.022Z
691469,4749644,4749644,4640466,2026-09-17T10:40:56.022Z,2026-09-17T10:40:56.022Z
691470,4749644,4749644,4640466,2026-09-17T10:40:56.022Z,2026-09-17T10:40:56.022Z
691475,4749644,4749644,4640466,2026-09-17T10:40:56.022Z,2026-09-17T10:40:56.022Z
691484,4749644,4749644,4640466,2026-09-17T10:40:56.022Z,2026-09-17T10:40:56.022Z
691485,4749644,4749644,4640466,2026-09-17T10:40:56.022Z,2026-09-17T10:40:56.022Z
691487,4749644,4749644,4640466,2026-09-17T10:40:56.022Z,2026-09-17T10:43:52.330Z
691493,4749644,4749644,4640466,2026-09-17T10:40:56.022Z,2026-09-17T10:40:56.022Z
691494,4749644,4749644,4640466,2026-09-17T10:40:56.022Z,2026-09-17T10:40:56.022Z
691495,4749644,4749644,4640466,2026-09-17T10:40:56.022Z,2026-09-17T10:40:56.022Z
691497,4749644,4749644,4640466,2026-09-17T10:40:56.022Z,2026-09-17T10:40:56.022Z
691504,4749644,4749644,4640466,2026-09-17T10:40:56.022Z,2026-09-17T10:40:56.022Z
691507,4749644,4749644,4640466,2026-09-17T10:40:56.022Z,2026-09-17T10:40:56.022Z
691509,4749644,4749644,4640466,2026-09-17T10:40:56.022Z,2026-09-17T10:40:56.022Z
691512,4749644,4749644,4640466,2026-09-17T10:40:56.022Z,2026-09-17T10:40:56.022Z
691516,4749644,4749644,4640466,2026-09-17T10:40:56.022Z,2026-09-17T10:40:56.022Z
691520,4749644,4749644,4640466,2026-09-17T10:40:56.022Z,2026-09-17T10:40:56.022Z
691524,4749644,4749644,4640466,2026-09-17T10:40:56.022Z,2026-09-17T10:40:56.022Z
691529,4749644,4749644,4640466,2026-09-17T10:40:56.022Z,2026-09-17T10:40:56.022Z
691530,4749644,4749644,4640466,2026-09-17T10:40:56.022Z,2026-09-17T10:40:56.022Z
693504,4749651,4749651,4640466,2026-09-17T07:36:49.441Z,2026-09-17T07:36:49.441Z
693507,4749651,4749651,4640466,2026-09-17T07:36:49.441Z,2026-09-17T07:36:49.441Z
693509,4749651,4749651,4640466,2026-09-17T07:36:49.441Z,2026-09-17T07:36:49.441Z
693510,4749651,4749651,4640466,2026-09-17T07:36:49.441Z,2026-09-17T07:36:49.441Z
693512,4749651,4749651,4640466,2026-09-17T07:36:49.441Z,2026-09-17T07:36:49.441Z
693513,4749651,4749651,4640466,2026-09-17T07:36:49.441Z,2026-09-17T07:36:49.441Z
693514,4749651,4749651,4640466,2026-09-17T07:36:49.441Z,2026-09-17T07:36:49.441Z
693515,4749651,4749651,4640466,2026-09-17T07:36:49.441Z,2026-09-17T07:36:49.441Z
693516,4749651,4749651,4640466,2026-09-17T07:36:49.441Z,2026-09-17T07:36:49.441Z
693517,4749651,4749651,4640466,2026-09-17T07:36:49.441Z,2026-09-17T07:36:49.441Z
693518,4749651,4749651,4640466,2026-09-17T07:36:49.441Z,2026-09-17T07:36:49.441Z
693520,4749651,4749651,4640466,2026-09-17T07:36:49.441Z,2026-09-17T07:36:49.441Z
693521,4749651,4749651,4640466,2026-09-17T07:36:49.441Z,2026-09-17T07:36:49.441Z
693522,4749651,4749651,4640466,2026-09-17T07:36:49.441Z,2026-09-17T07:36:49.441Z
693524,4749651,4749651,4640466,2026-09-17T07:36:49.441Z,2026-09-17T07:36:49.441Z
693526,4749651,4749651,4640466,2026-09-17T07:36:49.441Z,2026-09-17T07:36:49.441Z
693528,4749651,4749651,4640466,2026-09-17T07:36:49.441Z,2026-09-17T07:36:49.441Z
693529,4749651,4749651,4640466,2026-09-17T07:36:49.441Z,2026-09-17T07:36:49.441Z
693530,4749651,4749651,4640466,2026-09-17T07:36:49.441Z,2026-09-17T07:36:49.441Z
693533,4749651,4749651,4640466,2026-09-17T07:36:49.441Z,2026-09-17T07:36:49.441Z
693534,4749651,4749651,4640466,2026-09-17T07:36:49.441Z,2026-09-17T07:36:49.441Z
693535,4749651,4749651,4640466,2026-09-17T07:36:49.441Z,2026-09-17T07:36:49.441Z
693543,4749651,4749651,4640466,2026-09-17T07:36:49.441Z,2026-09-17T07:36:49.441Z
693553,4749651,4749651,4640466,2026-09-17T07:36:49.441Z,2026-09-17T07:36:49.441Z
693556,4749651,4749651,4640466,2026-09-17T07:36:49.441Z,2026-09-17T07:36:49.441Z
693559,4749651,4749651,4640466,2026-09-17T07:36:49.441Z,2026-09-17T07:36:49.441Z
693560,4749651,4749651,4640466,2026-09-17T07:36:49.441Z,2026-09-17T07:36:49.441Z
693562,4749651,4749651,4640466,2026-09-17T07:36:49.441Z,2026-09-17T07:36:49.441Z
693564,4749651,4749651,4640466,2026-09-17T07:36:49.441Z,2026-09-17T07:36:49.441Z
693566,4749651,4749651,4640466,2026-09-17T07:36:49.441Z,2026-09-17T07:36:49.441Z
693618,4749651,4749651,4640466,2026-09-17T07:36:49.441Z,2026-09-17T07:36:49.441Z
693619,4749651,4749651,4640466,2026-09-17T07:36:49.441Z,2026-09-17T07:36:49.441Z
693620,4749651,4749651,4640466,2026-09-17T07:36:49.441Z,2026-09-17T07:36:49.441Z
693621,4749651,4749651,4640466,2026-09-17T07:36:49.441Z,2026-09-17T07:36:49.441Z
693626,4749651,4749651,4640466,2026-09-17T07:36:49.441Z,2026-09-17T07:36:49.441Z
693627,4749651,4749651,4640466,2026-09-17T07:36:49.441Z,2026-09-17T07:36:49.441Z
693628,4749651,4749651,4640466,2026-09-17T07:36:49.441Z,2026-09-17T07:36:49.441Z
693629,4749651,4749651,4640466,2026-09-17T07:36:49.441Z,2026-09-17T07:36:49.441Z
693630,4749651,4749651,4640466,2026-09-17T07:36:49.441Z,2026-09-17T07:36:49.441Z
693631,4749651,4749651,4640466,2026-09-17T07:36:49.441Z,2026-09-17T07:36:49.441Z
693632,4749651,4749651,4640466,2026-09-17T07:36:49.441Z,2026-09-17T07:36:49.441Z
693634,4749651,4749651,4640466,2026-09-17T07:36:49.441Z,2026-09-17T07:36:49.441Z
693638,4749651,4749651,4640466,2026-09-17T07:36:49.441Z,2026-09-17T07:36:49.441Z
693639,4749651,4749651,4640466,2026-09-17T07:36:49.441Z,2026-09-17T07:36:49.441Z
693642,4749651,4749651,4640466,2026-09-17T07:36:49.441Z,2026-09-17T07:36:49.441Z
693645,4749651,4749651,4640466,2026-09-17T07:36:49.441Z,2026-09-17T07:36:49.441Z
693646,4749651,4749651,4640466,2026-09-17T07:36:49.441Z,2026-09-17T07:36:49.441Z
693647,4749651,4749651,4640466,2026-09-17T07:36:49.441Z,2026-09-17T07:36:49.441Z
693648,4749651,4749651,4640466,2026-09-17T07:36:49.441Z,2026-09-17T07:36:49.441Z
693649,4749651,4749651,4640466,2026-09-17T07:36:49.441Z,2026-09-17T07:36:49.441Z
693650,4749651,4749651,4640466,2026-09-17T07:36:49.441Z,2026-09-17T07:36:49.441Z
693651,4749651,4749651,4640466,2026-09-17T07:36:49.441Z,2026-09-17T07:36:49.441Z
693655,4749644,4749644,4640466,2026-09-17T10:40:56.022Z,2026-09-17T10:40:56.022Z
693663,4749651,4749651,4640466,2026-09-17T07:36:49.441Z,2026-09-17T07:36:49.441Z
693674,4749651,4749651,4640466,2026-09-17T07:36:49.441Z,2026-09-17T07:36:49.441Z
693685,4749651,4749651,4640466,2026-09-17T07:36:49.441Z,2026-09-17T07:36:49.441Z
693950,4749651,4749651,4640466,2026-09-17T07:36:49.441Z,2026-09-17T07:36:49.441Z
693975,4749644,4749644,4640466,2026-09-17T10:40:56.022Z,2026-09-17T10:40:56.022Z
693986,4749644,4749644,4640466,2026-09-17T10:40:56.022Z,2026-09-17T10:40:56.022Z
693994,4749651,4749651,4640466,2026-09-17T07:36:49.441Z,2026-09-17T07:36:49.441Z
694027,4749651,4749651,4640466,2026-09-17T07:36:49.441Z,2026-09-17T07:36:49.441Z
694029,4749651,4749651,4640466,2026-09-17T07:36:49.441Z,2026-09-17T07:36:49.441Z
694038,4749651,4749651,4640466,2026-09-17T07:36:49.441Z,2026-09-17T07:36:49.441Z
694041,4749644,4749644,4640466,2026-09-17T10:40:56.022Z,2026-09-17T10:40:56.022Z
694049,4749651,4749651,4640466,2026-09-17T07:36:49.441Z,2026-09-17T07:36:49.441Z
694063,4749644,4749644,4640466,2026-09-17T10:40:56.022Z,2026-09-17T10:40:56.022Z
694071,4749651,4749651,4640466,2026-09-17T07:36:49.441Z,2026-09-17T07:36:49.441Z
694093,4749651,4749651,4640466,2026-09-17T07:36:49.441Z,2026-09-17T07:36:49.441Z
694104,4749651,4749651,4640466,2026-09-17T07:36:49.441Z,2026-09-17T07:36:49.441Z
694106,4749644,4749644,4640466,2026-09-17T10:40:56.022Z,2026-09-17T10:40:56.022Z
694115,4749651,4749651,4640466,2026-09-17T07:36:49.441Z,2026-09-17T07:36:49.441Z
694126,4749651,4749651,4640466,2026-09-17T07:36:49.441Z,2026-09-17T07:36:49.441Z
694128,4749651,4749651,4640466,2026-09-17T07:36:49.441Z,2026-09-17T07:36:49.441Z
694137,4749651,4749651,4640466,2026-09-17T07:36:49.441Z,2026-09-17T07:36:49.441Z
694148,4749651,4749651,4640466,2026-09-17T07:36:49.441Z,2026-09-17T11:05:22.771Z
694159,4749651,4749651,4640466,2026-09-17T07:36:49.441Z,2026-09-17T07:36:49.441Z
694170,4749651,4749651,4640466,2026-09-17T07:36:49.441Z,2026-09-17T07:36:49.441Z
694181,4749651,4749651,4640466,2026-09-17T07:36:49.441Z,2026-09-17T11:06:30.359Z
694192,4749651,4749651,4640466,2026-09-17T07:36:49.441Z,2026-09-17T07:36:49.441Z
694205,4749651,4749651,4640466,2026-09-17T07:36:49.441Z,2026-09-17T07:36:49.441Z
694206,4749644,4749644,4640466,2026-09-17T10:40:56.022Z,2026-09-17T10:40:56.022Z
694225,4749651,4749651,4640466,2026-09-17T07:36:49.441Z,2026-09-17T07:36:49.441Z
694239,4749644,4749644,4640466,2026-09-17T10:40:56.022Z,2026-09-17T10:40:56.022Z
694258,4749651,4749651,4640466,2026-09-17T07:36:49.441Z,2026-09-17T07:36:49.441Z
694269,4749651,4749651,4640466,2026-09-17T07:36:49.441Z,2026-09-17T07:36:49.441Z
694280,4749651,4749651,4640466,2026-09-17T07:36:49.441Z,2026-09-17T07:36:49.441Z
694313,4749651,4749651,4640466,2026-09-17T07:36:49.441Z,2026-09-17T07:36:49.441Z
694316,4749644,4749644,4640466,2026-09-17T10:40:56.022Z,2026-09-17T10:40:56.022Z
694338,4749644,4749644,4640466,2026-09-17T10:40:56.022Z,2026-09-17T10:40:56.022Z
694390,4749651,4749651,4640466,2026-09-17T07:36:49.441Z,2026-09-17T11:30:22.704Z
694426,4749644,4749644,4640466,2026-09-17T10:40:56.022Z,2026-09-17T10:40:56.022Z
694459,4749644,4749644,4640466,2026-09-17T10:40:56.022Z,2026-09-17T10:40:56.022Z
694481,4749644,4749644,4640466,2026-09-17T10:40:56.022Z,2026-09-17T11:29:12.933Z
694503,4749644,4749644,4640466,2026-09-17T10:40:56.022Z,2026-09-17T11:28:17.642Z
694514,4749644,4749644,4640466,2026-09-17T10:40:56.022Z,2026-09-17T11:27:39.908Z
694533,4749651,4749651,4640466,2026-09-17T07:36:49.441Z,2026-09-17T10:56:49.244Z
694558,4749644,4749644,4640466,2026-09-17T10:40:56.022Z,2026-09-17T11:02:45.814Z
694621,4749651,4749651,4640466,2026-09-17T07:36:49.441Z,2026-09-17T10:55:56.332Z
694624,4749644,4749644,4640466,2026-09-17T10:40:56.022Z,2026-09-17T10:59:13.279Z
694654,4749651,4749651,4640466,2026-09-17T07:36:49.441Z,2026-09-17T10:55:28.779Z
694657,4749644,4749644,4640466,2026-09-17T10:40:56.022Z,2026-09-17T10:57:45.012Z
694867,4749644,4749644,4640466,2026-09-17T10:40:56.022Z,2026-09-17T10:57:09.734Z
694886,4749651,4749651,4640466,2026-09-17T06:26:44.163Z,2026-09-17T11:25:55.492Z
694897,4749651,4749651,4640466,2026-09-17T06:26:44.163Z,2026-09-17T11:27:34.367Z
694900,4749651,4749651,4640466,2026-09-17T06:26:44.163Z,2026-09-17T11:28:40.737Z
694912,4749644,4749644,4640466,2026-09-17T10:40:56.022Z,2026-09-17T10:56:24.659Z
696252,4749644,4749644,4640466,2026-09-17T10:40:56.022Z,2026-09-17T10:55:30.587Z
696263,4749644,4749644,4640466,2026-09-17T10:40:56.022Z,2026-09-17T10:54:43.582Z
696285,4749644,4749644,4640466,2026-09-17T10:40:56.022Z,2026-09-17T10:53:55.550Z
696296,4749644,4749644,4640466,2026-09-17T10:40:56.022Z,2026-09-17T10:53:28.027Z
696329,4749644,4749644,4640466,2026-09-17T10:40:56.022Z,2026-09-17T10:52:46.142Z
696351,4749644,4749644,4640466,2026-09-17T10:40:56.022Z,2026-09-17T10:49:58.185Z
703704,4749633,,4640466,2026-08-13T09:16:48.900Z,2026-09-17T10:25:09.909Z
709428,4749646,4749646,4640466,2026-09-17T09:44:26.561Z,2026-09-17T11:18:40.498Z
709430,4749646,4749646,4640466,2026-09-17T09:44:26.561Z,2026-09-17T11:17:21.330Z
709454,4749646,4749646,4640466,2026-09-17T09:44:26.561Z,2026-09-17T11:16:13.149Z
709456,4749646,4749646,4640466,2026-09-17T09:44:26.561Z,2026-09-17T11:15:58.894Z
709459,4749646,4749646,4640466,2026-09-17T09:44:26.561Z,2026-09-17T11:15:42.535Z
709466,4749646,4749646,4640466,2026-09-17T09:44:26.561Z,2026-09-17T11:12:36.094Z
709494,4749646,4749646,4640466,2026-09-17T09:44:26.561Z,2026-09-17T11:12:05.535Z
709529,4749646,4749646,4640466,2026-09-17T09:44:26.561Z,2026-09-17T11:11:50.983Z
709538,4749646,4749646,4640466,2026-09-17T09:44:26.561Z,2026-09-17T11:11:40.567Z
709543,4749646,4749646,4640466,2026-09-17T09:44:26.561Z,2026-09-17T11:09:53.952Z
709637,4749646,4749646,4640466,2026-09-17T09:44:26.561Z,2026-09-17T11:09:05.062Z
710026,4749646,4749646,4640466,2026-09-17T09:44:26.561Z,2026-09-17T11:09:34.427Z
710166,4749646,4749646,4640466,2026-09-17T09:44:26.561Z,2026-09-17T11:06:55.423Z
710447,4749646,4749646,4640466,2026-09-17T09:44:26.561Z,2026-09-17T11:06:36.976Z
710945,4749646,4749646,4640466,2026-09-17T09:44:26.561Z,2026-09-17T11:06:27.311Z
711054,4749646,4749646,4640466,2026-09-17T09:44:26.561Z,2026-09-17T11:04:36.179Z
712214,4749646,4749646,4640466,2026-09-17T09:44:26.561Z,2026-09-17T11:03:17.521Z
712251,4749646,4749646,4640466,2026-09-17T09:44:26.561Z,2026-09-17T11:02:57.799Z
712325,4749646,4749646,4640466,2026-09-17T09:44:26.561Z,2026-09-17T11:02:39.150Z
712443,4749646,4749646,4640466,2026-09-17T09:44:26.561Z,2026-09-17T11:02:24.584Z
712446,4749646,4749646,4640466,2026-09-17T09:44:26.561Z,2026-09-17T11:02:09.159Z
712525,4749646,4749646,4640466,2026-09-17T09:44:26.561Z,2026-09-17T11:01:46.283Z
712654,4749646,4749646,4640466,2026-09-17T09:44:26.561Z,2026-09-17T11:01:10.110Z
712659,4749646,4749646,4640466,2026-09-17T09:44:26.561Z,2026-09-17T11:00:54.867Z
714147,4900527,,4640466,2026-09-15T06:48:50.619Z,2026-09-17T09:28:07.880Z
714153,4900527,,4640466,2026-09-15T06:48:50.619Z,2026-09-17T09:25:36.245Z
714156,4900527,,4640466,2026-09-15T06:48:50.619Z,2026-09-17T09:00:30.817Z
714885,4749646,4749646,4640466,2026-09-17T09:44:26.561Z,2026-09-17T11:00:35.455Z
714912,4749646,4749646,4640466,2026-09-17T09:44:26.561Z,2026-09-17T11:00:10.146Z
714921,4749646,4749646,4640466,2026-09-17T09:44:26.561Z,2026-09-17T10:59:54.238Z
723481,4749645,4749645,4640466,2026-09-17T11:32:23.463Z,2026-09-17T11:32:23.463Z
723811,4749645,4749645,4640466,2026-09-17T11:32:23.463Z,2026-09-17T11:32:23.463Z
723822,4749645,4749645,4640466,2026-09-17T11:32:23.463Z,2026-09-17T11:32:23.463Z
723844,4749645,4749645,4640466,2026-09-17T11:32:23.463Z,2026-09-17T11:32:23.463Z
723855,4749645,4749645,4640466,2026-09-17T11:32:23.463Z,2026-09-17T11:32:23.463Z
723877,4749645,4749645,4640466,2026-09-17T11:32:23.463Z,2026-09-17T11:32:23.463Z
723888,4749645,4749645,4640466,2026-09-17T11:32:23.463Z,2026-09-17T11:32:23.463Z
723894,4749645,4749645,4640466,2026-09-17T11:32:23.463Z,2026-09-17T11:32:23.463Z
723899,4749645,4749645,4640466,2026-09-17T11:32:23.463Z,2026-09-17T11:32:23.463Z
723907,4900534,4900534,4640466,2026-09-17T11:32:23.463Z,2026-09-17T11:32:23.463Z
723910,4749645,4749645,4640466,2026-09-17T11:32:23.463Z,2026-09-17T11:32:23.463Z
723914,4900534,4900534,4640466,2026-09-17T11:32:23.463Z,2026-09-17T11:32:23.463Z
723916,4749645,4749645,4640466,2026-09-17T11:32:23.463Z,2026-09-17T11:32:23.463Z
723918,4900534,4900534,4640466,2026-09-17T11:32:23.463Z,2026-09-17T11:32:23.463Z
723921,4749645,4749645,4640466,2026-09-17T11:32:23.463Z,2026-09-17T11:32:23.463Z
723925,4900534,4900534,4640466,2026-09-17T11:32:23.463Z,2026-09-17T11:32:23.463Z
723931,4900534,4900534,4640466,2026-09-17T11:32:23.463Z,2026-09-17T11:32:23.463Z
723933,4749645,4749645,4640466,2026-09-17T11:32:23.463Z,2026-09-17T11:32:23.463Z
723937,4900534,4900534,4640466,2026-09-17T11:32:23.463Z,2026-09-17T11:32:23.463Z
723939,4749645,4749645,4640466,2026-09-17T11:32:23.463Z,2026-09-17T11:32:23.463Z
723941,4900534,4900534,4640466,2026-09-17T11:32:23.463Z,2026-09-17T11:32:23.463Z
723942,4900534,4900534,4640466,2026-09-17T11:32:23.463Z,2026-09-17T11:32:23.463Z
723944,4749645,4749645,4640466,2026-09-17T11:32:23.463Z,2026-09-17T11:32:23.463Z
723950,4749645,4749645,4640466,2026-09-17T11:32:23.463Z,2026-09-17T11:32:23.463Z
723955,4749645,4749645,4640466,2026-09-17T11:32:23.463Z,2026-09-17T11:32:23.463Z
723961,4749645,4749645,4640466,2026-09-17T11:32:23.463Z,2026-09-17T11:32:23.463Z
723963,4900534,4900534,4640466,2026-09-17T11:32:23.463Z,2026-09-17T11:32:23.463Z
723964,4749645,4749645,4640466,2026-09-17T11:32:23.463Z,2026-09-17T11:32:23.463Z
723966,4749645,4749645,4640466,2026-09-17T11:32:23.463Z,2026-09-17T11:32:23.463Z
723972,4749645,4749645,4640466,2026-09-17T11:32:23.463Z,2026-09-17T11:32:23.463Z
723977,4749645,4749645,4640466,2026-09-17T11:32:23.463Z,2026-09-17T11:32:23.463Z
723981,4900534,4900534,4640466,2026-09-17T11:32:23.463Z,2026-09-17T11:32:23.463Z
723983,4749645,4749645,4640466,2026-09-17T11:32:23.463Z,2026-09-17T11:32:23.463Z
723994,4749645,4749645,4640466,2026-09-17T11:32:23.463Z,2026-09-17T11:32:23.463Z
723999,4749645,4749645,4640466,2026-09-17T11:32:23.463Z,2026-09-17T11:32:23.463Z
724003,4900534,4900534,4640466,2026-09-17T11:32:23.463Z,2026-09-17T11:32:23.463Z
724005,4749645,4749645,4640466,2026-09-17T11:32:23.463Z,2026-09-17T11:32:23.463Z
724008,4749645,4749645,4640466,2026-09-17T11:32:23.463Z,2026-09-17T11:32:23.463Z
724010,4749645,4749645,4640466,2026-09-17T11:32:23.463Z,2026-09-17T11:32:23.463Z
724016,4749645,4749645,4640466,2026-09-17T11:32:23.463Z,2026-09-17T11:32:23.463Z
724018,4900534,4900534,4640466,2026-09-17T11:32:23.463Z,2026-09-17T11:32:23.463Z
724021,4749645,4749645,4640466,2026-09-17T11:32:23.463Z,2026-09-17T11:32:23.463Z
724027,4749645,4749645,4640466,2026-09-17T11:32:23.463Z,2026-09-17T11:32:23.463Z
724040,4900534,4900534,4640466,2026-09-17T11:32:23.463Z,2026-09-17T11:32:23.463Z
724043,4749645,4749645,4640466,2026-09-17T11:32:23.463Z,2026-09-17T11:32:23.463Z
724052,4900534,4900534,4640466,2026-09-17T11:32:23.463Z,2026-09-17T11:32:23.463Z
724054,4749645,4749645,4640466,2026-09-17T11:32:23.463Z,2026-09-17T11:32:23.463Z
724062,4900534,4900534,4640466,2026-09-17T11:32:23.463Z,2026-09-17T11:32:23.463Z
724065,4749645,4749645,4640466,2026-09-17T11:32:23.463Z,2026-09-17T11:32:23.463Z
724076,4749645,4749645,4640466,2026-09-17T11:32:23.463Z,2026-09-17T11:32:23.463Z
724087,4749645,4749645,4640466,2026-09-17T11:32:23.463Z,2026-09-17T11:32:23.463Z
724091,4900534,4900534,4640466,2026-09-17T11:32:23.463Z,2026-09-17T11:32:23.463Z
724095,4900534,4900534,4640466,2026-09-17T11:32:23.463Z,2026-09-17T11:32:23.463Z
724106,4900534,4900534,4640466,2026-09-17T11:32:23.463Z,2026-09-17T11:32:23.463Z
724107,4749645,4749645,4640466,2026-09-17T11:32:23.463Z,2026-09-17T11:32:23.463Z
724109,4749645,4749645,4640466,2026-09-17T11:32:23.463Z,2026-09-17T11:32:23.463Z
724117,4900534,4900534,4640466,2026-09-17T11:32:23.463Z,2026-09-17T11:32:23.463Z
724120,4749645,4749645,4640466,2026-09-17T11:32:23.463Z,2026-09-17T11:32:23.463Z
724128,4900534,4900534,4640466,2026-09-17T11:32:23.463Z,2026-09-17T11:32:23.463Z
724131,4749645,4749645,4640466,2026-09-17T11:32:23.463Z,2026-09-17T11:32:23.463Z
724139,4900534,4900534,4640466,2026-09-17T11:32:23.463Z,2026-09-17T11:32:23.463Z
724142,4749645,4749645,4640466,2026-09-17T11:32:23.463Z,2026-09-17T11:32:23.463Z
724150,4900534,4900534,4640466,2026-09-17T11:32:23.463Z,2026-09-17T11:32:23.463Z
724153,4749645,4749645,4640466,2026-09-17T11:32:23.463Z,2026-09-17T11:32:23.463Z
724157,4900534,4900534,4640466,2026-09-17T11:32:23.463Z,2026-09-17T11:32:23.463Z
724164,4749645,4749645,4640466,2026-09-17T11:32:23.463Z,2026-09-17T11:32:23.463Z
724168,4900534,4900534,4640466,2026-09-17T11:32:23.463Z,2026-09-17T11:32:23.463Z
724172,4900534,4900534,4640466,2026-09-17T11:32:23.463Z,2026-09-17T11:32:23.463Z
724175,4749645,4749645,4640466,2026-09-17T11:32:23.463Z,2026-09-17T11:32:23.463Z
724176,4749645,4749645,4640466,2026-09-17T11:32:23.463Z,2026-09-17T11:32:23.463Z
724179,4900534,4900534,4640466,2026-09-17T11:32:23.463Z,2026-09-17T11:32:23.463Z
724183,4900534,4900534,4640466,2026-09-17T11:32:23.463Z,2026-09-17T11:32:23.463Z
724186,4749645,4749645,4640466,2026-09-17T11:32:23.463Z,2026-09-17T11:32:23.463Z
724197,4749645,4749645,4640466,2026-09-17T11:32:23.463Z,2026-09-17T11:32:23.463Z
724198,4749645,4749645,4640466,2026-09-17T11:32:23.463Z,2026-09-17T11:32:23.463Z
724201,4900534,4900534,4640466,2026-09-17T11:32:23.463Z,2026-09-17T11:32:23.463Z
724208,4749645,4749645,4640466,2026-09-17T11:32:23.463Z,2026-09-17T11:32:23.463Z
724212,4900534,4900534,4640466,2026-09-17T11:32:23.463Z,2026-09-17T11:32:23.463Z
724217,4749645,4749645,4640466,2026-09-17T11:32:23.463Z,2026-09-17T11:32:23.463Z
724219,4749645,4749645,4640466,2026-09-17T11:32:23.463Z,2026-09-17T11:32:23.463Z
724220,4749645,4749645,4640466,2026-09-17T11:32:23.463Z,2026-09-17T11:32:23.463Z
724230,4749645,4749645,4640466,2026-09-17T11:32:23.463Z,2026-09-17T11:32:23.463Z
724249,4900534,4900534,4640466,2026-09-17T11:32:23.463Z,2026-09-17T11:32:23.463Z
724256,4900534,4900534,4640466,2026-09-17T11:32:23.463Z,2026-09-17T11:32:23.463Z
724264,4749645,4749645,4640466,2026-09-17T11:32:23.463Z,2026-09-17T11:32:23.463Z
726197,4749645,4749645,4640466,2026-09-17T11:32:23.463Z,2026-09-17T11:32:23.463Z
726206,4749645,4749645,4640466,2026-09-17T11:32:23.463Z,2026-09-17T11:32:23.463Z
726210,4900534,4900534,4640466,2026-09-17T11:32:23.463Z,2026-09-17T11:32:23.463Z
726215,4749645,4749645,4640466,2026-09-17T11:32:23.463Z,2026-09-17T11:32:23.463Z
726216,4749645,4749645,4640466,2026-09-17T11:32:23.463Z,2026-09-17T11:32:23.463Z
726219,4900534,4900534,4640466,2026-09-17T11:32:23.463Z,2026-09-17T11:32:23.463Z
726224,4749645,4749645,4640466,2026-09-17T11:32:23.463Z,2026-09-17T11:32:23.463Z
726229,4900534,4900534,4640466,2026-09-17T11:32:23.463Z,2026-09-17T11:32:23.463Z
726233,4749645,4749645,4640466,2026-09-17T11:32:23.463Z,2026-09-17T11:32:23.463Z
726234,4749645,4749645,4640466,2026-09-17T11:32:23.463Z,2026-09-17T11:32:23.463Z
727537,4749647,4749647,4640466,2026-09-17T11:32:23.463Z,2026-09-17T11:32:23.463Z
728215,4900534,4900534,4640466,2026-09-17T11:32:23.463Z,2026-09-17T11:32:23.463Z
728216,4900534,4900534,4640466,2026-09-17T11:32:23.463Z,2026-09-17T11:32:23.463Z
728242,4900534,4900534,4640466,2026-09-17T11:32:23.463Z,2026-09-17T11:32:23.463Z
1838978,4749651,4749651,4640466,2026-09-17T04:27:55.359Z,2026-09-17T05:31:55.224Z
