student_name,student_email,student_mobile,programme,application_number,form_filled_percent,form_ever_opened,form_marked_submitted,payment_status,payment_mode,payment_date,counsellor,application_stage,registered_on,v2_lead_id,form_id,v1_lead_id,verification_verdict,verification_comment
Divij Jain,divijj140@gmail.com,7009904411,Undergraduate Programme (School of Business),UG/SOB/260726/DO1P,70%,Yes,Yes,completed,(not recorded),(not recorded),Muskan Singhal,Untouched,2025-11-20 22:56 IST,683722,104,1419559,,
Bhavya Lakhwani,bhavyalakhwani90@gmail.com,9310601450,Undergraduate Programme (School of Business),UG/SOB/260826/40A0,60%,Yes,Yes,completed,online,2026-09-15 13:22 IST,Amandeep Kaur Oshan,Counseled,2026-08-14 02:12 IST,1176123,104,2456567,,
Maulik Goyal,kaydee1993@ymail.com,9815698240,Undergraduate Programme (School of Business),UG/SOB/260911/QHHP,30%,Yes,Yes,completed,online,2026-09-14 11:17 IST,Chandana Jaiswal,Counseled,2026-09-11 16:23 IST,1839084,104,2495310,,
Aarshi Pal,palnaarshi@gmail.com,6387996302,Undergraduate Programme (School of Business),UG/SOB/260911/5VLR,0%,Yes,No,completed,online,2026-09-14 19:16 IST,Garima Chander,Counseled,2026-07-23 21:55 IST,688934,104,2389506,,
C.P.Anika,mounikacp809@gmail.com,7981785021,Undergraduate Programme (School of Business),UG/SOB-84319,0%,No,No,completed,online,2026-09-14 13:11 IST,Garima Chander,Counseled,2026-08-19 19:35 IST,1749679,104,2465013,,
Ryan Chadha,ryan.chadha@outlook.com,9560733800,Undergraduate Programme (School of Business),UG/SOB-85059,0%,No,No,completed,online,2026-09-14 22:00 IST,Rushali,(none),2026-09-08 17:34 IST,1834753,104,2489438,,
Yashvardhan Patil,patildrujwala@gmail.com,6263656186,Undergraduate Programme (School of Business),UG/SOB-84943,0%,No,No,completed,online,2026-09-14 18:35 IST,Nakul Gandhi,(none),2026-09-13 09:39 IST,1839304,104,2496005,,
Bhavya Soni,sonibhavya139@gmail.com,9313214438,Undergraduate Programme in Data Science and AI,UG/DSAI/260827/9J9F,30%,Yes,Yes,completed,online,2026-09-14 20:40 IST,Rushali,Counseled,2026-08-27 20:33 IST,1775160,105,2479275,,
Safin Mallick,safinmallickk@gmail.com,9126798342,Undergraduate Programme in Data Science and AI,UG/DSAI-89052,0%,No,No,completed,online,2026-09-14 15:58 IST,Chandana Jaiswal,(none),2026-09-11 13:09 IST,1863445,105,2495183,,
